community,id
0.0,6782
0.0,6783
0.0,6784
1.0,2
1.0,3
2.0,1574
2.0,1575
18.0,3237
18.0,3238
18.0,3239
18.0,3240
18.0,3241
18.0,3242
4.0,4417
4.0,4418
5.0,5482
5.0,5483
5.0,5484
54.0,5485
5.0,5487
5.0,5488
5.0,5489
5.0,5490
5.0,5954
5.0,5955
6.0,6522
6.0,6785
7.0,6740
0.0,6741
8.0,6786
8.0,6787
0.0,6788
0.0,6789
0.0,6790
0.0,6791
0.0,6792
0.0,39
0.0,3264
6.0,106
1.0,107
9.0,108
18.0,553
10.0,109
11.0,760
10.0,761
11.0,762
10.0,6523
24.0,6524
24.0,6525
24.0,860
7.0,861
7.0,939
7.0,128
13.0,1209
13.0,763
14.0,1302
15.0,1303
24.0,1304
17.0,1305
16.0,1306
16.0,1307
16.0,1308
16.0,1343
16.0,1344
16.0,1345
16.0,3243
17.0,3244
17.0,3245
18.0,1735
19.0,920
18.0,1206
5.0,534
11.0,1207
6.0,6074
11.0,2051
6.0,6075
20.0,6076
20.0,6077
20.0,3246
20.0,3247
20.0,3248
18.0,3249
18.0,3250
18.0,1208
18.0,6793
18.0,3251
11.0,3252
0.0,3253
19.0,3254
19.0,3255
19.0,3256
19.0,3257
19.0,3258
19.0,1576
19.0,1577
19.0,2199
2.0,2310
2.0,533
21.0,4
23.0,5
17.0,6794
11.0,1589
1.0,5491
1.0,5492
0.0,1578
2.0,1579
5.0,1580
5.0,3293
2.0,1745
2.0,783
2.0,5493
18.0,5494
22.0,6795
21.0,6796
24.0,6797
5.0,110
5.0,111
0.0,112
0.0,113
0.0,114
10.0,115
10.0,2617
10.0,2618
10.0,6526
10.0,6527
10.0,5956
23.0,5957
23.0,3259
7.0,3260
7.0,3261
24.0,3262
24.0,2619
18.0,921
18.0,922
18.0,923
18.0,2696
23.0,2697
23.0,2698
11.0,2699
11.0,2700
11.0,2701
25.0,2702
25.0,2703
25.0,3126
25.0,3127
25.0,3158
25.0,3159
25.0,3160
25.0,6798
26.0,3263
26.0,3265
27.0,1915
27.0,1916
27.0,5495
0.0,5496
18.0,6799
18.0,6800
14.0,6801
14.0,6802
5.0,1346
5.0,1347
0.0,3197
0.0,3198
0.0,6
0.0,7
101.0,8
17.0,9
17.0,6803
28.0,6804
28.0,6805
1.0,1210
1.0,2704
1.0,767
1.0,2705
0.0,5497
0.0,5498
0.0,5499
6.0,5500
25.0,5501
24.0,5502
25.0,2620
5.0,2621
5.0,2622
5.0,5503
5.0,5504
5.0,3475
5.0,3476
23.0,1726
23.0,1727
23.0,1728
5.0,1729
5.0,1730
29.0,1731
29.0,1732
22.0,1733
22.0,3541
22.0,3542
22.0,3583
22.0,3584
22.0,3585
22.0,10
22.0,6806
1.0,6807
30.0,535
30.0,536
31.0,537
31.0,3664
31.0,3665
0.0,3666
0.0,1734
11.0,1479
11.0,1480
11.0,1481
32.0,3586
32.0,5505
32.0,5506
5.0,5507
81.0,5508
81.0,3727
81.0,3728
31.0,3729
5.0,1917
5.0,1918
5.0,6808
5.0,6809
34.0,6810
34.0,3266
34.0,3267
34.0,1581
14.0,1582
0.0,1583
0.0,1584
0.0,1585
18.0,764
18.0,765
2.0,766
2.0,3268
2.0,3269
2.0,3270
2.0,3935
244.0,3936
24.0,3937
24.0,3938
24.0,6811
18.0,6812
18.0,1348
18.0,4037
35.0,4038
35.0,2717
35.0,2319
35.0,1586
0.0,1587
0.0,3271
17.0,3272
36.0,5958
36.0,2706
25.0,2707
25.0,2708
2.0,2709
2.0,3886
18.0,116
18.0,117
14.0,1919
25.0,1920
25.0,2304
25.0,924
25.0,925
25.0,2305
63.0,2306
63.0,2307
14.0,926
14.0,4073
17.0,4371
38.0,4372
38.0,4373
17.0,1588
38.0,1590
17.0,1591
38.0,1592
39.0,1593
39.0,2200
40.0,4484
40.0,4485
40.0,4486
2.0,563
2.0,11
2.0,12
2.0,2201
2.0,2202
21.0,2203
41.0,2204
41.0,4551
41.0,4552
11.0,4553
1.0,4685
1.0,4686
21.0,118
21.0,119
21.0,5509
21.0,5510
42.0,5511
42.0,2308
42.0,2309
63.0,5959
63.0,5960
10.0,5961
10.0,3273
5.0,3274
5.0,1921
5.0,1922
17.0,1923
17.0,5984
7.0,1924
7.0,4687
7.0,541
19.0,2981
19.0,4688
14.0,5962
14.0,5963
14.0,5964
14.0,5965
14.0,5966
63.0,5967
11.0,5968
25.0,5969
63.0,1925
24.0,1926
24.0,1927
24.0,1928
24.0,1929
7.0,1930
7.0,1931
7.0,5044
7.0,5045
14.0,5046
14.0,5047
14.0,3776
14.0,5623
14.0,1602
14.0,4419
14.0,4420
43.0,4421
43.0,4422
43.0,5086
43.0,5087
34.0,5162
5.0,5163
2.0,5164
4.0,5165
4.0,3939
4.0,3940
4.0,3731
44.0,3275
44.0,3276
22.0,1594
15.0,1595
15.0,1596
15.0,538
15.0,539
35.0,540
35.0,5512
34.0,5513
18.0,5514
18.0,5515
2.0,5516
2.0,5517
2.0,5518
11.0,5519
11.0,5520
11.0,5521
5.0,5522
5.0,5328
5.0,5329
5.0,5330
18.0,3941
18.0,3942
18.0,542
18.0,927
18.0,928
18.0,5464
18.0,5465
19.0,5331
19.0,5332
19.0,5333
35.0,5334
35.0,5335
11.0,5336
11.0,120
11.0,121
46.0,3277
46.0,3278
25.0,3587
25.0,3588
25.0,3589
25.0,4425
25.0,6813
25.0,3279
15.0,3280
63.0,3943
53.0,3944
18.0,3945
18.0,3946
31.0,3985
31.0,1597
31.0,5523
4.0,5524
0.0,1736
18.0,1737
18.0,1738
35.0,1739
35.0,1740
35.0,5468
35.0,5469
35.0,5470
2.0,5471
18.0,6814
18.0,6815
22.0,6816
22.0,6817
22.0,6818
22.0,6819
22.0,2623
47.0,2624
47.0,5476
47.0,5477
47.0,5478
0.0,4554
0.0,4555
0.0,929
0.0,930
0.0,1349
0.0,768
23.0,769
48.0,5767
48.0,5768
48.0,5769
42.0,5770
42.0,1598
38.0,1599
14.0,1600
17.0,4689
24.0,4690
24.0,4691
49.0,4692
49.0,1211
49.0,1212
49.0,1213
2.0,1741
2.0,1742
2.0,2625
63.0,5525
63.0,5526
63.0,6078
63.0,6079
6.0,6080
6.0,4075
6.0,4076
22.0,4077
22.0,4078
23.0,6587
5.0,6615
5.0,6820
20.0,6821
20.0,6822
20.0,5771
39.0,5772
39.0,5773
39.0,4374
39.0,4375
7.0,4376
7.0,4377
0.0,4378
0.0,5337
0.0,5338
50.0,1932
50.0,1350
50.0,1601
1.0,1603
40.0,6302
40.0,6303
40.0,6304
40.0,6305
40.0,4487
19.0,4488
19.0,4489
14.0,122
17.0,123
2.0,124
2.0,2710
19.0,2711
19.0,2712
19.0,5527
19.0,4423
41.0,5783
41.0,5784
41.0,125
10.0,126
10.0,127
10.0,5528
25.0,5529
25.0,5530
25.0,5531
5.0,5339
4.0,5340
51.0,5341
51.0,5342
15.0,5343
15.0,3738
15.0,4556
5.0,5816
5.0,5817
5.0,5818
5.0,4557
19.0,4558
19.0,6528
19.0,1933
19.0,1934
19.0,1935
34.0,1936
42.0,1937
52.0,1938
52.0,1939
52.0,2626
42.0,34
42.0,35
7.0,36
14.0,37
14.0,5823
14.0,5824
14.0,5825
14.0,4094
14.0,5855
14.0,5856
23.0,5857
9.0,5532
9.0,5533
9.0,862
9.0,5943
53.0,5944
53.0,5945
39.0,5534
54.0,5535
54.0,5536
54.0,5537
5.0,2627
5.0,3980
13.0,3281
55.0,3282
55.0,770
55.0,771
5.0,772
5.0,5949
5.0,5950
5.0,5951
23.0,3730
35.0,6823
18.0,931
18.0,932
24.0,933
24.0,2713
24.0,2714
56.0,5538
56.0,3732
56.0,3733
34.0,5952
0.0,5953
14.0,1482
14.0,3321
14.0,2628
25.0,2629
25.0,6081
5.0,6082
34.0,6083
34.0,6084
57.0,6166
57.0,4919
81.0,6548
18.0,129
23.0,130
23.0,131
20.0,5785
20.0,5786
20.0,5539
20.0,5774
20.0,2630
63.0,5540
7.0,5541
10.0,5542
10.0,5543
10.0,5544
51.0,543
51.0,544
5.0,545
50.0,953
23.0,132
5.0,133
5.0,134
5.0,3283
5.0,3284
5.0,3285
11.0,3286
11.0,3287
11.0,3288
11.0,3289
63.0,3290
15.0,3291
15.0,2311
18.0,2312
18.0,2313
18.0,2314
18.0,934
18.0,935
18.0,936
18.0,937
18.0,938
18.0,546
17.0,6538
17.0,5545
17.0,5546
17.0,5547
14.0,947
14.0,5344
14.0,2205
14.0,2206
14.0,1940
11.0,1941
7.0,1942
5.0,6295
5.0,6296
5.0,6297
14.0,1943
19.0,1944
21.0,1945
21.0,940
14.0,941
14.0,6298
14.0,6299
59.0,6300
59.0,2715
59.0,5990
14.0,2716
14.0,4559
14.0,2718
14.0,6306
14.0,6307
60.0,6308
60.0,6309
60.0,6427
25.0,6428
7.0,5970
25.0,5971
42.0,5972
25.0,3292
25.0,2720
61.0,2721
61.0,1604
61.0,1605
61.0,4693
62.0,4694
62.0,1946
24.0,4379
24.0,6433
24.0,6434
18.0,6435
25.0,1947
25.0,1948
2.0,1949
2.0,1950
63.0,6436
63.0,6437
14.0,6438
40.0,6439
64.0,961
64.0,2315
64.0,2316
14.0,2317
14.0,2318
14.0,146
14.0,1606
65.0,1607
65.0,1608
65.0,3734
65.0,3735
11.0,547
17.0,548
17.0,6824
17.0,2560
17.0,5548
15.0,5549
2.0,5973
2.0,5974
2.0,5975
34.0,5976
34.0,5977
11.0,5978
11.0,4695
0.0,4696
17.0,4697
5.0,5345
5.0,6529
24.0,2478
24.0,5698
24.0,1630
24.0,5550
24.0,4698
24.0,4699
63.0,135
63.0,136
63.0,137
42.0,138
7.0,139
34.0,140
5.0,141
5.0,980
5.0,2346
63.0,4560
63.0,3294
10.0,3295
10.0,3296
10.0,549
10.0,550
10.0,6310
10.0,6311
10.0,6825
14.0,6826
7.0,942
42.0,943
18.0,944
19.0,945
19.0,946
11.0,3297
11.0,3298
19.0,3299
19.0,6443
0.0,6444
0.0,6445
38.0,6446
38.0,6453
38.0,6454
38.0,6455
38.0,6456
18.0,168
18.0,4079
18.0,4080
66.0,3736
66.0,2631
66.0,2632
66.0,3300
20.0,4433
20.0,1609
20.0,1610
20.0,1611
10.0,948
39.0,3301
39.0,3302
34.0,3303
23.0,3304
18.0,1351
4.0,1352
2.0,1353
2.0,1354
2.0,1355
14.0,949
18.0,950
18.0,951
18.0,6204
18.0,6457
5.0,6458
5.0,6459
5.0,6460
5.0,551
5.0,6301
38.0,6482
38.0,6483
38.0,6085
20.0,6086
20.0,6087
20.0,6088
20.0,6677
20.0,6678
11.0,6679
60.0,6680
67.0,552
67.0,6530
20.0,6531
20.0,6532
20.0,6533
20.0,6534
68.0,4424
68.0,1612
68.0,1613
68.0,2207
11.0,2208
7.0,952
7.0,954
7.0,955
7.0,956
7.0,5346
4.0,5347
2.0,5787
2.0,5788
21.0,5789
11.0,5790
11.0,5791
11.0,5792
11.0,5793
25.0,5794
25.0,6685
51.0,6686
51.0,6687
51.0,6690
51.0,6691
51.0,6692
51.0,6312
51.0,6313
51.0,6089
70.0,6090
70.0,6091
70.0,957
71.0,1951
71.0,4426
71.0,4427
61.0,4428
61.0,5370
20.0,958
20.0,6827
20.0,554
11.0,555
14.0,556
4.0,5551
4.0,5552
4.0,4380
42.0,4700
89.0,4701
15.0,4702
0.0,6314
25.0,6315
25.0,2320
25.0,2321
5.0,1952
5.0,1953
40.0,1954
63.0,1955
63.0,6696
63.0,6697
19.0,6698
19.0,4081
17.0,4082
17.0,6700
2.0,6701
14.0,6702
14.0,4734
14.0,4091
14.0,6710
72.0,6711
72.0,6712
72.0,5167
39.0,5877
39.0,5979
73.0,6714
73.0,6715
73.0,6716
63.0,2633
39.0,1956
74.0,1957
74.0,3305
74.0,3306
54.0,6316
54.0,3307
7.0,6317
75.0,5479
75.0,5480
75.0,557
23.0,5553
14.0,5554
14.0,2209
18.0,2210
18.0,2211
19.0,2212
18.0,6092
19.0,6093
48.0,1958
48.0,6535
11.0,2322
5.0,2323
5.0,2324
21.0,2325
21.0,2326
21.0,2327
21.0,2328
20.0,6717
20.0,6718
14.0,6719
7.0,6720
17.0,2213
17.0,6729
17.0,6730
17.0,2001
17.0,1959
17.0,1483
17.0,38
75.0,2722
75.0,2723
75.0,2724
75.0,2329
21.0,2330
76.0,2331
76.0,13
14.0,4429
14.0,4430
81.0,6863
9.0,5556
25.0,1960
25.0,1961
25.0,5557
7.0,5558
7.0,5559
7.0,4561
1.0,4562
4.0,1962
4.0,1963
0.0,1964
5.0,1965
5.0,1966
14.0,5348
14.0,5349
5.0,5350
5.0,5351
5.0,5352
42.0,144
42.0,4951
14.0,6721
14.0,6731
14.0,145
14.0,147
14.0,148
19.0,149
19.0,150
19.0,558
19.0,151
19.0,6732
10.0,6733
10.0,6734
10.0,6735
63.0,773
6.0,774
75.0,775
76.0,776
15.0,5560
15.0,6742
15.0,6743
15.0,6744
15.0,6745
11.0,2634
10.0,1967
77.0,1968
77.0,1969
77.0,959
77.0,960
24.0,1743
24.0,1744
24.0,3947
24.0,3948
5.0,6713
78.0,4563
78.0,559
78.0,560
78.0,561
23.0,6746
14.0,6747
14.0,3949
14.0,3737
11.0,6749
11.0,6750
5.0,6751
22.0,6752
35.0,6753
35.0,6327
74.0,962
42.0,4703
11.0,6828
11.0,6536
11.0,2725
79.0,2726
79.0,2214
35.0,2215
34.0,2332
80.0,2757
80.0,2333
80.0,2024
80.0,4704
80.0,5088
61.0,5089
1.0,5090
14.0,5091
63.0,5092
0.0,5093
7.0,3308
25.0,1484
25.0,5094
21.0,5095
21.0,5096
17.0,5166
25.0,5561
17.0,4705
20.0,3309
63.0,4706
44.0,4707
44.0,4708
44.0,4709
44.0,4710
44.0,4711
44.0,3950
18.0,1614
81.0,1615
44.0,1616
44.0,2635
44.0,2636
54.0,6754
18.0,6755
63.0,6756
18.0,963
63.0,964
63.0,965
63.0,966
63.0,5980
63.0,5981
63.0,5982
35.0,1970
2.0,1971
2.0,1972
2.0,1973
23.0,6757
23.0,6758
82.0,6759
82.0,6760
82.0,1214
11.0,1215
11.0,1216
11.0,4083
11.0,4084
24.0,152
24.0,153
24.0,1999
14.0,154
14.0,5562
14.0,5563
14.0,5564
83.0,5565
83.0,1974
83.0,1975
83.0,1976
6.0,6829
6.0,6830
6.0,6831
39.0,6832
39.0,6833
63.0,6834
63.0,6835
14.0,1217
63.0,1218
5.0,2727
5.0,2728
5.0,2729
5.0,2730
14.0,3739
14.0,3740
14.0,3741
0.0,3742
0.0,3743
0.0,4085
0.0,4086
0.0,4087
0.0,967
0.0,968
6.0,5566
6.0,3310
25.0,3311
25.0,3312
25.0,4088
25.0,969
25.0,970
34.0,971
34.0,972
34.0,973
34.0,5567
34.0,5568
39.0,5569
39.0,5570
39.0,5775
6.0,5776
6.0,2216
18.0,2217
18.0,2218
18.0,3590
18.0,3591
39.0,3592
14.0,863
14.0,864
14.0,865
11.0,866
11.0,5571
5.0,3744
5.0,3745
5.0,3746
5.0,3313
50.0,5946
50.0,5947
21.0,5240
21.0,5858
21.0,5859
31.0,4147
31.0,974
31.0,5181
13.0,562
13.0,2732
13.0,1008
13.0,2733
5.0,2734
34.0,1977
34.0,1978
34.0,1979
18.0,2735
55.0,2736
55.0,2737
54.0,2738
54.0,6318
54.0,4127
39.0,3758
11.0,6761
15.0,6762
11.0,4564
25.0,2739
14.0,2740
25.0,2741
25.0,2742
14.0,2743
14.0,5572
14.0,6836
25.0,5182
25.0,197
25.0,1617
25.0,3314
61.0,6769
39.0,6770
34.0,6771
84.0,155
84.0,156
42.0,157
25.0,6772
25.0,6773
25.0,6774
25.0,6775
25.0,6776
5.0,6778
0.0,6780
15.0,6781
63.0,6918
2.0,6919
18.0,6920
85.0,6921
85.0,6922
85.0,1356
10.0,1357
10.0,1358
10.0,6924
86.0,6925
86.0,6926
87.0,4565
87.0,4566
87.0,4567
87.0,2334
87.0,2335
88.0,2336
88.0,2337
88.0,2338
89.0,3747
89.0,3748
89.0,3749
89.0,3750
17.0,3751
17.0,3752
17.0,5983
90.0,2467
90.0,4712
90.0,4713
42.0,4714
42.0,4715
42.0,4716
17.0,4717
17.0,6537
17.0,6539
17.0,6540
17.0,3315
34.0,6927
34.0,6928
34.0,6929
34.0,6930
34.0,777
34.0,778
24.0,779
17.0,780
63.0,6931
63.0,6932
63.0,1359
63.0,1360
63.0,4089
63.0,4090
7.0,6837
7.0,6838
7.0,6839
18.0,6840
91.0,6934
91.0,6935
91.0,6946
91.0,6947
24.0,3753
24.0,3754
24.0,4431
24.0,4432
92.0,5353
92.0,5354
17.0,5355
17.0,5356
39.0,158
39.0,4895
0.0,3755
0.0,3756
0.0,2744
0.0,2745
93.0,2746
93.0,1361
94.0,1362
94.0,1363
18.0,1364
18.0,1365
4.0,6847
4.0,6094
19.0,159
19.0,160
19.0,5168
19.0,5169
10.0,5170
63.0,5860
34.0,6948
34.0,6949
25.0,6950
25.0,6951
25.0,6952
25.0,6953
25.0,6954
25.0,6955
25.0,1746
25.0,1747
0.0,1748
20.0,975
10.0,5472
10.0,5473
15.0,5474
15.0,5475
15.0,976
54.0,977
95.0,5573
95.0,3316
95.0,3317
95.0,3318
95.0,3319
95.0,6841
95.0,6842
95.0,978
22.0,5861
22.0,5862
22.0,4568
14.0,4569
47.0,1618
47.0,1619
47.0,1620
47.0,1749
38.0,6956
38.0,6957
5.0,6958
18.0,6447
18.0,6448
18.0,6449
18.0,6450
0.0,2747
0.0,2748
14.0,2749
54.0,6960
42.0,6961
42.0,4570
5.0,4571
18.0,4572
2.0,7009
2.0,7010
2.0,1095
22.0,4718
96.0,3322
96.0,3323
96.0,63
66.0,64
66.0,3757
66.0,4092
66.0,4093
25.0,564
25.0,4434
25.0,4435
97.0,3324
97.0,65
24.0,66
42.0,67
42.0,68
42.0,565
98.0,566
98.0,1219
38.0,4719
63.0,4720
18.0,4721
18.0,4722
99.0,4723
99.0,4724
34.0,6843
39.0,6541
39.0,3325
11.0,3326
4.0,3327
4.0,3328
18.0,40
100.0,69
100.0,70
100.0,6722
100.0,6723
11.0,6724
11.0,6725
6.0,1621
63.0,6542
63.0,567
63.0,568
63.0,6319
63.0,6320
63.0,3329
0.0,3330
7.0,3331
18.0,77
18.0,78
18.0,5574
18.0,5575
9.0,3332
101.0,3333
75.0,3334
75.0,3335
75.0,4436
75.0,3336
2.0,3337
7.0,3338
11.0,569
11.0,570
61.0,2750
61.0,2751
18.0,2752
18.0,2753
18.0,2754
102.0,2755
102.0,2756
5.0,4725
5.0,4726
18.0,4727
18.0,4728
18.0,4729
18.0,4730
4.0,5985
18.0,5987
18.0,5988
18.0,5989
11.0,4573
11.0,4574
25.0,4575
25.0,5097
25.0,5098
25.0,3339
25.0,1220
25.0,1221
25.0,1222
63.0,6543
63.0,6544
63.0,6545
63.0,6546
63.0,6547
63.0,1980
7.0,4095
7.0,4096
7.0,4097
7.0,6461
7.0,6844
42.0,79
42.0,80
42.0,2758
44.0,3340
44.0,3341
18.0,81
6.0,82
6.0,83
6.0,85
7.0,86
7.0,87
7.0,298
7.0,5863
7.0,5864
14.0,88
110.0,89
39.0,90
39.0,91
39.0,92
20.0,93
0.0,94
103.0,95
103.0,96
25.0,97
19.0,98
19.0,99
104.0,100
104.0,101
104.0,979
105.0,5576
105.0,5577
105.0,5578
10.0,5579
54.0,5580
54.0,5581
106.0,1622
106.0,4490
106.0,4731
106.0,4732
106.0,4733
106.0,5171
106.0,5357
106.0,5358
106.0,5359
106.0,5360
106.0,6845
106.0,6846
106.0,6848
106.0,6962
6.0,6963
5.0,6964
5.0,2072
5.0,2339
5.0,2340
5.0,2341
5.0,5991
2.0,5992
41.0,6321
63.0,5582
63.0,5361
63.0,5362
15.0,5363
19.0,5365
19.0,5366
19.0,5367
19.0,5368
0.0,5369
0.0,3342
0.0,3343
97.0,5371
97.0,102
97.0,103
20.0,1981
17.0,1982
11.0,3344
11.0,3345
24.0,5583
24.0,5584
19.0,104
5.0,105
19.0,6959
19.0,407
19.0,408
19.0,409
19.0,410
19.0,411
19.0,161
19.0,162
19.0,163
18.0,164
18.0,6849
42.0,6850
107.0,6851
107.0,5585
14.0,1623
14.0,1624
18.0,6322
18.0,6323
5.0,6324
5.0,3346
108.0,3347
108.0,3348
96.0,3349
109.0,3350
109.0,4098
109.0,4099
109.0,4100
109.0,4101
10.0,4102
15.0,5865
15.0,5866
15.0,6619
0.0,6095
0.0,6096
0.0,6097
18.0,5586
2.0,5587
2.0,5588
61.0,5589
61.0,5590
61.0,5591
18.0,5592
18.0,5593
18.0,4437
18.0,4438
18.0,6325
39.0,6326
39.0,4735
39.0,2759
39.0,2760
39.0,420
54.0,2761
54.0,981
7.0,6852
10.0,6853
10.0,1366
10.0,1367
5.0,1368
5.0,1369
5.0,6854
5.0,1983
5.0,1984
5.0,1985
5.0,455
5.0,1707
4.0,456
4.0,5172
61.0,505
61.0,506
63.0,5795
5.0,509
5.0,510
5.0,511
5.0,4103
38.0,4104
0.0,982
0.0,983
5.0,5993
5.0,5994
5.0,512
5.0,513
0.0,3351
14.0,3352
14.0,3353
14.0,3354
110.0,781
2.0,4105
110.0,6098
54.0,6099
111.0,571
111.0,572
51.0,573
112.0,5173
112.0,5174
112.0,5175
39.0,5176
39.0,5177
38.0,5178
38.0,984
6.0,5594
6.0,3593
113.0,520
113.0,521
18.0,522
18.0,523
18.0,71
18.0,4491
24.0,6703
39.0,6704
20.0,1370
20.0,1371
11.0,1372
11.0,1373
11.0,1374
54.0,1986
54.0,1987
54.0,1988
54.0,2342
54.0,2762
54.0,5595
38.0,3951
18.0,3952
31.0,524
114.0,525
114.0,526
114.0,527
114.0,1678
101.0,1750
41.0,5179
73.0,5180
73.0,4576
25.0,4736
25.0,4737
25.0,4738
25.0,1989
25.0,6100
14.0,6101
14.0,6102
14.0,528
38.0,529
25.0,3759
5.0,3760
35.0,3761
35.0,3762
115.0,3763
115.0,1375
115.0,1376
115.0,1377
5.0,1378
5.0,5995
54.0,5996
54.0,5997
42.0,5998
63.0,5999
63.0,6000
63.0,6001
14.0,6002
20.0,985
20.0,986
20.0,1990
116.0,1991
116.0,6936
34.0,1652
34.0,6937
34.0,6938
34.0,3780
34.0,5596
17.0,530
17.0,531
17.0,532
17.0,3953
6.0,3954
6.0,3955
6.0,3956
6.0,3957
6.0,720
6.0,721
6.0,722
6.0,723
14.0,724
14.0,6923
14.0,6137
14.0,2763
93.0,2343
2.0,6023
93.0,987
93.0,988
34.0,1992
18.0,1993
117.0,725
117.0,726
117.0,727
35.0,728
35.0,4492
35.0,4493
35.0,4494
35.0,3355
118.0,5597
118.0,2344
118.0,2345
119.0,165
119.0,166
89.0,167
20.0,4106
25.0,4107
38.0,574
6.0,169
11.0,170
11.0,171
14.0,1994
14.0,1995
110.0,729
120.0,730
120.0,416
120.0,417
120.0,418
41.0,419
41.0,421
41.0,6103
18.0,6104
5.0,6105
17.0,6106
17.0,4108
63.0,4109
63.0,4110
10.0,4111
39.0,4112
39.0,172
11.0,6003
63.0,5598
63.0,5599
63.0,5600
14.0,6004
14.0,6005
121.0,6006
121.0,989
5.0,2764
5.0,2765
5.0,2766
5.0,2767
5.0,2768
20.0,2769
20.0,5183
20.0,5184
20.0,4439
39.0,3594
39.0,3595
39.0,3596
39.0,3597
39.0,3598
63.0,422
7.0,423
5.0,424
5.0,425
5.0,731
24.0,732
24.0,733
24.0,4739
11.0,6107
25.0,6108
25.0,2770
25.0,2771
25.0,2772
25.0,2773
25.0,6007
63.0,6008
63.0,6009
4.0,6010
31.0,6011
31.0,5601
31.0,5602
31.0,5603
31.0,5604
5.0,3958
5.0,3959
5.0,1625
5.0,1626
122.0,782
122.0,575
122.0,576
11.0,734
20.0,735
20.0,736
25.0,737
25.0,173
25.0,174
25.0,175
14.0,176
14.0,4740
14.0,4741
14.0,4742
14.0,177
5.0,3764
5.0,990
5.0,6549
35.0,6550
35.0,6551
2.0,2637
2.0,1627
24.0,1628
11.0,3356
11.0,3960
123.0,3961
123.0,4440
123.0,4441
123.0,1629
10.0,1631
10.0,4743
10.0,577
10.0,1223
63.0,1224
63.0,1225
63.0,1226
63.0,6855
63.0,507
34.0,508
38.0,41
7.0,738
7.0,739
7.0,3599
23.0,3600
2.0,3601
2.0,3357
18.0,3358
35.0,3359
35.0,3360
4.0,3361
4.0,3602
5.0,6109
5.0,4744
63.0,6477
11.0,4745
11.0,2347
11.0,1379
11.0,1380
11.0,1381
0.0,5605
111.0,5606
111.0,5607
9.0,5608
124.0,5609
124.0,5610
31.0,5611
31.0,5612
31.0,5613
18.0,1755
18.0,2638
18.0,1632
18.0,5777
18.0,991
31.0,1382
20.0,1383
63.0,1384
63.0,6110
63.0,6111
11.0,6112
17.0,4746
17.0,4747
17.0,4748
18.0,4749
18.0,4750
18.0,4113
18.0,4114
18.0,4115
18.0,578
18.0,579
18.0,1996
18.0,1997
22.0,1998
23.0,2000
2.0,179
50.0,180
14.0,740
17.0,741
17.0,6939
17.0,742
10.0,743
10.0,42
10.0,4116
63.0,4117
63.0,744
63.0,745
63.0,5372
63.0,5373
39.0,5374
39.0,5375
39.0,5376
11.0,5377
11.0,5378
14.0,818
14.0,819
14.0,820
14.0,821
15.0,992
15.0,2002
125.0,2004
125.0,2005
93.0,2006
126.0,3362
126.0,3363
9.0,3364
10.0,2639
10.0,2640
127.0,2641
127.0,822
25.0,823
25.0,181
25.0,182
25.0,1227
25.0,1228
25.0,824
25.0,825
128.0,826
128.0,827
128.0,6113
128.0,6114
38.0,6115
14.0,6116
14.0,6012
14.0,6013
14.0,6014
14.0,6856
18.0,993
18.0,994
18.0,995
23.0,996
23.0,997
23.0,998
129.0,999
129.0,2219
10.0,832
10.0,833
6.0,834
6.0,6681
130.0,6682
130.0,5614
130.0,5615
130.0,6857
20.0,6858
20.0,6859
20.0,6860
10.0,6861
6.0,6862
6.0,183
0.0,184
14.0,185
14.0,580
14.0,5867
11.0,4118
11.0,1229
11.0,1230
11.0,1231
21.0,1232
131.0,1000
131.0,2774
131.0,2775
68.0,2776
68.0,2777
5.0,2778
5.0,2779
0.0,2007
0.0,2008
0.0,2009
0.0,2010
0.0,2011
0.0,2012
15.0,6015
15.0,6016
15.0,6648
11.0,6017
54.0,3365
39.0,3366
6.0,3367
6.0,4442
6.0,4443
6.0,4444
14.0,4445
5.0,6328
5.0,6329
5.0,835
5.0,836
5.0,837
25.0,2013
14.0,2014
14.0,186
14.0,1001
14.0,1002
14.0,5185
14.0,5186
24.0,4119
24.0,4120
24.0,4121
18.0,4122
18.0,4123
18.0,4124
4.0,4125
4.0,4126
4.0,3765
4.0,1233
61.0,1385
61.0,1386
132.0,1387
132.0,1388
132.0,457
14.0,458
14.0,840
6.0,841
38.0,3368
38.0,3369
63.0,3370
63.0,842
39.0,843
39.0,844
39.0,3962
39.0,845
39.0,846
39.0,4381
39.0,5379
34.0,5380
34.0,5381
6.0,5187
25.0,5188
25.0,4751
25.0,4752
25.0,4753
110.0,4754
133.0,6763
133.0,6764
19.0,581
19.0,582
19.0,1003
134.0,6117
134.0,6118
134.0,6119
35.0,2015
135.0,2016
135.0,2017
40.0,1633
19.0,1634
19.0,1635
19.0,1636
54.0,1637
54.0,1751
63.0,852
63.0,853
63.0,5616
63.0,5099
84.0,3963
84.0,855
11.0,856
11.0,857
14.0,858
20.0,859
20.0,5617
20.0,5618
14.0,5619
14.0,4577
14.0,4578
2.0,187
2.0,188
2.0,2348
2.0,2349
2.0,869
22.0,870
22.0,6018
136.0,6019
136.0,2780
5.0,2781
44.0,2782
35.0,2783
137.0,2784
137.0,2785
137.0,6965
137.0,6966
137.0,6967
5.0,189
5.0,190
5.0,1234
42.0,1235
42.0,2642
10.0,875
10.0,876
17.0,877
17.0,878
138.0,879
138.0,880
6.0,881
6.0,882
25.0,1485
25.0,1486
25.0,5620
25.0,5621
25.0,5622
25.0,4446
97.0,784
97.0,890
97.0,891
10.0,892
10.0,893
6.0,4755
6.0,4756
23.0,4757
139.0,4758
139.0,4759
139.0,4760
139.0,4761
140.0,583
140.0,584
140.0,6020
140.0,6021
81.0,680
81.0,4128
18.0,4129
18.0,4130
18.0,2786
4.0,2787
24.0,2788
141.0,2789
141.0,6022
141.0,43
141.0,44
63.0,6693
63.0,6694
63.0,6695
63.0,5624
63.0,1638
63.0,1639
63.0,1753
11.0,1754
11.0,894
11.0,895
11.0,4762
11.0,4763
39.0,2790
39.0,2791
39.0,4131
25.0,4132
25.0,4133
25.0,4134
25.0,4579
6.0,3777
9.0,585
9.0,6552
71.0,6553
71.0,6554
71.0,5646
5.0,3371
2.0,1756
2.0,1757
22.0,1758
22.0,5625
142.0,5626
142.0,896
63.0,897
63.0,5627
25.0,898
25.0,899
39.0,14
39.0,15
39.0,16
39.0,17
42.0,18
34.0,19
25.0,20
7.0,21
7.0,6120
20.0,6121
18.0,6122
18.0,1236
22.0,1237
22.0,1238
22.0,4764
5.0,4765
5.0,4766
143.0,900
143.0,901
5.0,5189
144.0,5190
144.0,5191
1.0,2018
1.0,2019
1.0,6555
1.0,909
1.0,910
1.0,6330
20.0,5628
20.0,5629
20.0,4382
6.0,4383
6.0,4384
6.0,1640
63.0,1641
63.0,1642
63.0,3372
145.0,6864
145.0,6865
15.0,6866
15.0,45
15.0,46
14.0,47
14.0,48
7.0,6331
146.0,6332
146.0,6333
61.0,22
5.0,785
5.0,4767
40.0,4768
40.0,4769
40.0,191
2.0,192
2.0,193
2.0,194
18.0,195
0.0,5192
0.0,5193
0.0,2350
9.0,2351
9.0,2352
9.0,2353
9.0,6334
61.0,4447
61.0,4448
61.0,914
24.0,915
63.0,916
63.0,917
63.0,918
15.0,919
10.0,5382
10.0,5383
10.0,1169
10.0,1170
54.0,1171
54.0,1172
7.0,1173
7.0,1174
7.0,6123
7.0,5194
61.0,5195
4.0,5196
4.0,5197
147.0,5198
147.0,1175
147.0,1176
147.0,1177
147.0,1178
147.0,1179
25.0,1180
25.0,586
148.0,587
148.0,588
148.0,589
148.0,590
148.0,591
148.0,6556
10.0,4135
15.0,4136
15.0,4137
15.0,4138
15.0,4139
15.0,3766
149.0,3767
149.0,3768
149.0,3769
149.0,3770
149.0,3373
149.0,6335
11.0,6336
11.0,6337
11.0,6338
11.0,4140
11.0,4141
11.0,4142
7.0,4143
39.0,4144
39.0,4145
39.0,4146
39.0,1004
39.0,1005
18.0,1006
18.0,2354
18.0,2355
18.0,1239
18.0,1240
18.0,3771
18.0,3772
61.0,3773
61.0,2457
61.0,2356
61.0,2357
39.0,2358
39.0,1181
39.0,1182
39.0,426
39.0,5630
39.0,5631
39.0,1186
54.0,1187
54.0,6968
54.0,6969
7.0,6970
7.0,6971
6.0,4770
6.0,4771
34.0,4772
34.0,4773
34.0,4774
0.0,2792
17.0,592
17.0,593
17.0,196
150.0,198
150.0,199
5.0,200
5.0,201
5.0,202
151.0,2793
151.0,203
97.0,204
97.0,6557
97.0,6558
97.0,6559
63.0,6560
63.0,459
63.0,460
63.0,4449
63.0,4450
25.0,4451
11.0,6124
11.0,3774
63.0,6561
63.0,6562
63.0,6563
15.0,6564
15.0,2020
15.0,2794
25.0,2795
15.0,2796
15.0,2797
7.0,5632
7.0,5633
7.0,5634
7.0,5635
110.0,3964
4.0,5384
4.0,5385
4.0,5386
20.0,5387
34.0,5388
7.0,1643
7.0,1759
7.0,3775
7.0,6699
63.0,5199
25.0,5200
25.0,5201
25.0,746
25.0,747
44.0,6125
53.0,6126
5.0,6462
5.0,6463
5.0,6464
5.0,6465
35.0,4775
19.0,4776
19.0,205
19.0,2021
19.0,2022
19.0,2023
2.0,6127
22.0,6128
34.0,6129
72.0,6130
54.0,6131
54.0,2559
54.0,2025
127.0,2026
127.0,1188
20.0,1189
20.0,3374
63.0,871
63.0,872
63.0,4580
63.0,6466
63.0,6467
63.0,6468
15.0,6469
14.0,206
14.0,207
14.0,208
20.0,2359
20.0,2360
20.0,2361
20.0,6132
20.0,6133
17.0,6134
14.0,6135
14.0,3778
152.0,2798
152.0,2799
18.0,2800
138.0,2801
138.0,2027
42.0,2028
20.0,2029
20.0,2030
20.0,2031
20.0,2362
10.0,2363
10.0,2364
10.0,5636
17.0,5637
17.0,2643
17.0,5638
20.0,6339
20.0,5639
20.0,1644
20.0,23
11.0,24
34.0,25
5.0,786
5.0,787
5.0,788
5.0,789
14.0,790
14.0,791
14.0,5202
14.0,5203
14.0,5204
17.0,5205
38.0,594
38.0,4148
18.0,4149
18.0,6565
23.0,6566
5.0,6567
19.0,6568
5.0,2032
2.0,2033
1.0,2034
1.0,1190
1.0,1191
24.0,1193
24.0,1194
24.0,1195
24.0,1196
24.0,1197
24.0,4452
54.0,2220
54.0,4150
54.0,4151
54.0,4777
11.0,4778
39.0,4779
39.0,6136
7.0,6024
7.0,6025
7.0,6867
7.0,6026
14.0,1198
14.0,1199
14.0,1200
153.0,1201
153.0,6340
153.0,6341
153.0,1202
154.0,1203
154.0,1204
155.0,1205
155.0,1267
4.0,1268
21.0,1269
20.0,1760
20.0,1761
63.0,1270
63.0,1271
63.0,5778
20.0,3965
15.0,1272
24.0,1273
24.0,1389
0.0,1274
7.0,1275
156.0,5206
156.0,4152
156.0,6868
156.0,209
19.0,210
19.0,211
157.0,212
157.0,4780
157.0,4781
157.0,1390
158.0,6470
158.0,6471
158.0,1391
22.0,1392
22.0,1393
159.0,2035
159.0,3375
50.0,3376
35.0,1276
160.0,1277
160.0,1278
17.0,1279
161.0,1280
161.0,1281
15.0,1282
39.0,4495
0.0,1286
15.0,1287
15.0,1288
63.0,1289
63.0,1290
63.0,1291
63.0,1292
17.0,1293
20.0,1294
20.0,320
5.0,2036
5.0,213
5.0,214
14.0,595
18.0,596
18.0,597
162.0,598
162.0,599
162.0,600
162.0,601
162.0,461
162.0,462
162.0,463
41.0,464
163.0,465
163.0,1295
164.0,1296
164.0,1297
164.0,3377
164.0,3378
165.0,1762
165.0,1763
165.0,1764
10.0,1765
10.0,1766
10.0,1767
10.0,2365
11.0,2366
11.0,2367
11.0,2368
11.0,4782
11.0,6138
11.0,2369
11.0,2370
110.0,1241
110.0,4783
110.0,4784
110.0,5207
110.0,5208
166.0,5209
166.0,5210
166.0,215
18.0,216
18.0,5211
22.0,5212
22.0,5213
22.0,5214
22.0,5215
22.0,6569
22.0,6570
17.0,6571
17.0,602
17.0,4153
17.0,603
63.0,604
10.0,4581
17.0,6572
17.0,6573
6.0,6574
63.0,2037
63.0,2802
15.0,2803
15.0,2804
15.0,2805
15.0,2806
15.0,5640
15.0,1645
15.0,3966
15.0,3967
15.0,3968
15.0,3969
15.0,3970
7.0,3971
7.0,3972
7.0,3973
14.0,3779
39.0,3781
11.0,605
11.0,606
42.0,1007
7.0,1009
7.0,1010
7.0,6972
14.0,5868
25.0,5869
25.0,5870
25.0,5871
25.0,5872
25.0,5216
5.0,2807
2.0,2430
35.0,1394
35.0,1395
35.0,1396
35.0,607
35.0,608
35.0,609
35.0,217
35.0,4154
34.0,4155
34.0,4156
11.0,4157
11.0,4158
14.0,2371
14.0,2372
14.0,2373
97.0,1768
54.0,1769
54.0,49
54.0,50
54.0,3379
54.0,5641
15.0,5642
25.0,1487
17.0,1488
14.0,1489
17.0,1490
5.0,1491
11.0,427
11.0,4785
11.0,4786
15.0,4787
39.0,4788
39.0,4789
39.0,3782
39.0,3783
39.0,3784
7.0,4790
7.0,6027
7.0,6028
22.0,6029
22.0,4159
9.0,1298
9.0,1299
18.0,1300
18.0,1301
18.0,6139
63.0,6140
81.0,1397
81.0,6973
81.0,6974
81.0,1011
5.0,2374
63.0,2375
63.0,1309
63.0,1310
63.0,1311
63.0,854
34.0,2644
34.0,2645
34.0,2221
63.0,2222
6.0,1312
6.0,1313
6.0,1314
39.0,1315
167.0,4791
167.0,4792
167.0,428
167.0,429
7.0,5217
7.0,4160
5.0,4161
97.0,218
97.0,219
38.0,220
17.0,221
17.0,222
168.0,223
168.0,224
168.0,225
136.0,4582
23.0,4583
23.0,4584
21.0,4793
21.0,4794
169.0,4795
169.0,2038
170.0,1023
170.0,2376
63.0,5643
63.0,6342
5.0,5644
5.0,5645
15.0,5647
39.0,5648
39.0,5649
10.0,5650
10.0,5651
10.0,5652
10.0,1646
10.0,1647
10.0,1316
10.0,1317
10.0,1318
42.0,1319
42.0,1320
42.0,1321
34.0,4796
63.0,6141
63.0,6142
63.0,6143
63.0,4813
14.0,4797
17.0,4798
5.0,4799
61.0,4162
5.0,610
18.0,611
18.0,612
18.0,6144
18.0,6145
18.0,6146
18.0,6147
18.0,6148
2.0,2808
2.0,2809
171.0,2810
171.0,2039
171.0,2040
171.0,2041
172.0,6496
172.0,1648
63.0,1649
20.0,1650
20.0,2646
20.0,2647
63.0,4496
63.0,4497
63.0,6688
63.0,6689
39.0,613
15.0,614
11.0,4800
11.0,4801
20.0,4802
20.0,2377
20.0,2378
10.0,6030
10.0,6031
25.0,1242
25.0,2396
25.0,1243
14.0,2811
14.0,2812
14.0,6869
61.0,6870
5.0,1651
5.0,6343
5.0,6344
23.0,6345
23.0,5653
41.0,5654
41.0,6346
70.0,6347
70.0,6348
11.0,6349
11.0,1322
63.0,1323
63.0,1324
63.0,1325
7.0,1326
7.0,4585
7.0,1327
7.0,1328
6.0,1329
11.0,6575
6.0,6576
25.0,6577
25.0,4163
0.0,4164
0.0,4165
2.0,4167
19.0,4168
19.0,1334
19.0,1335
5.0,1336
5.0,1337
22.0,1398
22.0,2379
22.0,2380
22.0,2381
173.0,2382
173.0,2383
173.0,2813
174.0,2814
174.0,2815
42.0,2816
175.0,2817
175.0,2818
175.0,6871
7.0,2384
7.0,2385
7.0,2386
39.0,1338
39.0,1339
39.0,1340
39.0,1341
39.0,1342
39.0,2387
176.0,1012
176.0,1013
176.0,1014
176.0,1015
14.0,4453
17.0,5655
17.0,5656
17.0,1437
17.0,1438
17.0,1439
25.0,792
25.0,1770
25.0,1771
25.0,5873
25.0,5874
25.0,5875
0.0,5876
17.0,2042
17.0,2043
17.0,1447
177.0,1448
177.0,1449
177.0,4169
177.0,4170
177.0,4171
17.0,4172
38.0,4173
38.0,1244
38.0,1245
38.0,2819
4.0,2820
5.0,2821
5.0,2388
178.0,2389
178.0,2390
178.0,276
24.0,615
22.0,616
22.0,2044
54.0,1452
54.0,1453
54.0,2223
54.0,51
20.0,2648
20.0,2649
179.0,2650
179.0,3380
179.0,3381
180.0,6350
180.0,6351
180.0,1454
180.0,1455
180.0,1456
6.0,1457
6.0,1458
25.0,1459
25.0,1460
25.0,1461
17.0,1462
17.0,1463
17.0,1464
15.0,1016
11.0,1017
11.0,1018
14.0,226
181.0,227
181.0,2391
21.0,228
9.0,617
23.0,618
23.0,619
23.0,2822
18.0,2823
18.0,5657
19.0,1465
19.0,1466
182.0,5658
182.0,5659
182.0,5660
182.0,5661
183.0,5662
183.0,1653
183.0,5663
184.0,3382
184.0,3383
184.0,3384
184.0,1654
38.0,4803
38.0,838
38.0,839
10.0,4804
10.0,229
17.0,230
10.0,231
11.0,232
11.0,233
11.0,4805
25.0,4806
25.0,1471
5.0,1473
185.0,1475
185.0,1476
5.0,5218
5.0,5219
5.0,5220
18.0,5221
18.0,4174
2.0,4175
5.0,4176
18.0,4177
18.0,4178
18.0,4179
2.0,4807
63.0,4808
132.0,4809
132.0,4810
63.0,4811
10.0,4812
10.0,2045
10.0,6578
10.0,6579
10.0,6580
63.0,6581
63.0,6582
186.0,6583
186.0,6584
186.0,6585
186.0,1477
186.0,1478
186.0,5664
15.0,1525
15.0,1526
15.0,1527
15.0,1528
39.0,1529
39.0,1530
39.0,5665
39.0,2224
39.0,2225
39.0,2226
63.0,6705
63.0,6706
63.0,3603
63.0,1531
63.0,1532
63.0,4180
14.0,4181
20.0,4182
20.0,6149
20.0,6150
20.0,6151
20.0,6152
20.0,2824
20.0,2825
20.0,2826
187.0,2827
187.0,6586
5.0,1655
188.0,1656
188.0,1657
188.0,4498
18.0,4499
189.0,6352
189.0,6872
189.0,6873
5.0,2227
21.0,2228
21.0,6451
21.0,6452
73.0,793
73.0,867
31.0,4183
190.0,4184
190.0,4185
180.0,4186
180.0,1533
180.0,1534
10.0,1535
10.0,1536
10.0,5666
10.0,5667
25.0,6874
25.0,6875
25.0,4814
25.0,5878
7.0,5879
2.0,1019
2.0,5222
2.0,5223
41.0,5224
41.0,1020
61.0,2392
0.0,2393
0.0,2394
21.0,6032
21.0,1540
66.0,1541
66.0,6353
24.0,6354
13.0,6355
39.0,1542
39.0,1543
39.0,5668
39.0,5669
191.0,52
191.0,53
191.0,794
191.0,795
5.0,3161
5.0,5880
0.0,5881
0.0,1021
63.0,6588
54.0,6589
54.0,234
14.0,235
15.0,3604
15.0,3974
15.0,3975
11.0,1772
17.0,1773
17.0,1774
17.0,3976
6.0,3977
192.0,3978
192.0,3979
61.0,1658
61.0,1659
61.0,6707
193.0,1547
193.0,1548
5.0,1549
5.0,1550
9.0,1551
9.0,6153
24.0,6154
24.0,6155
27.0,4586
54.0,5882
54.0,5883
14.0,5884
7.0,5885
7.0,5886
63.0,620
63.0,6033
31.0,2828
35.0,2829
35.0,1553
5.0,2830
5.0,2831
5.0,2832
35.0,4302
35.0,2833
35.0,2834
35.0,2835
2.0,236
5.0,237
73.0,3385
194.0,3386
194.0,3387
194.0,3388
194.0,3389
194.0,1569
20.0,1570
20.0,1492
20.0,4587
42.0,5670
54.0,5671
54.0,1660
54.0,1661
54.0,5672
54.0,54
11.0,1571
6.0,1572
25.0,1573
25.0,5673
6.0,1831
25.0,1832
25.0,1833
25.0,1834
15.0,238
25.0,1022
25.0,466
25.0,467
15.0,468
19.0,6156
19.0,6157
19.0,6158
19.0,6159
19.0,2836
195.0,2837
195.0,2838
81.0,2505
42.0,2839
5.0,2395
5.0,2046
2.0,1835
2.0,1836
5.0,6034
9.0,6035
196.0,6036
196.0,6037
196.0,6160
5.0,1662
197.0,1663
197.0,1664
197.0,1837
197.0,1838
10.0,1839
14.0,6440
38.0,6441
38.0,6442
38.0,6504
20.0,1840
20.0,1841
20.0,1842
20.0,5389
25.0,5390
25.0,5391
25.0,5392
38.0,1843
25.0,1844
17.0,1845
14.0,3390
198.0,3391
198.0,3392
14.0,3393
14.0,3394
14.0,1848
14.0,1849
10.0,1850
2.0,1851
2.0,748
2.0,749
199.0,750
199.0,751
199.0,752
65.0,6590
65.0,902
65.0,903
61.0,904
200.0,905
200.0,239
200.0,240
19.0,241
19.0,621
19.0,2397
19.0,5225
201.0,5226
201.0,1775
201.0,1776
18.0,1777
18.0,1778
18.0,3786
18.0,3787
18.0,5674
202.0,5675
202.0,5676
202.0,5677
202.0,3395
127.0,1440
127.0,1441
127.0,1442
127.0,6484
127.0,6485
7.0,6486
145.0,6487
145.0,1855
145.0,1856
145.0,1857
10.0,1858
10.0,1859
10.0,1399
11.0,1860
11.0,1861
54.0,4815
54.0,469
22.0,470
22.0,471
22.0,472
22.0,473
34.0,1024
34.0,1552
5.0,2047
5.0,2048
18.0,242
5.0,243
18.0,4187
178.0,4188
178.0,4189
178.0,4190
67.0,4191
67.0,2049
67.0,2050
67.0,6488
203.0,1862
203.0,1863
203.0,1864
203.0,1865
203.0,1866
5.0,1867
204.0,1665
204.0,4196
180.0,4192
63.0,4193
38.0,2398
38.0,2399
38.0,2400
38.0,4816
38.0,3788
38.0,3789
6.0,3790
6.0,1876
6.0,1877
15.0,1878
15.0,1025
180.0,244
180.0,245
180.0,246
180.0,2840
14.0,2841
14.0,2842
67.0,2843
205.0,2844
205.0,2845
206.0,1400
206.0,1779
206.0,1780
206.0,2229
2.0,1026
39.0,1027
39.0,5678
39.0,1881
38.0,1882
38.0,4454
38.0,4194
63.0,312
34.0,1493
34.0,1494
34.0,1495
207.0,1103
207.0,1781
207.0,1028
38.0,1029
63.0,1030
63.0,1031
63.0,6161
25.0,6591
25.0,6592
25.0,6593
25.0,6594
25.0,6595
25.0,4817
17.0,4588
22.0,2052
22.0,6596
21.0,6597
14.0,6599
14.0,6600
5.0,6601
18.0,2846
4.0,2847
180.0,2848
15.0,1037
81.0,2849
81.0,5393
81.0,5394
14.0,5395
22.0,2053
14.0,2054
14.0,1890
14.0,1891
14.0,1892
20.0,5679
7.0,1893
7.0,1894
7.0,1895
7.0,1896
7.0,1897
63.0,1898
42.0,1899
0.0,1900
7.0,6489
7.0,6490
7.0,6491
7.0,6492
7.0,6493
7.0,6494
25.0,6495
25.0,6497
25.0,6498
14.0,6499
25.0,6500
42.0,1666
25.0,1667
42.0,5680
14.0,5681
14.0,5682
208.0,6356
208.0,6357
208.0,4589
5.0,4455
209.0,4456
209.0,4457
209.0,1901
209.0,1902
209.0,4195
209.0,4197
210.0,4818
210.0,4819
61.0,4820
61.0,4821
61.0,4822
61.0,4823
61.0,4824
61.0,5887
61.0,5888
61.0,5889
61.0,5890
61.0,5891
61.0,4198
23.0,4199
2.0,2056
2.0,2057
5.0,6975
5.0,6976
5.0,6162
19.0,6163
19.0,6164
42.0,6165
4.0,6876
4.0,6877
4.0,6878
211.0,4590
211.0,6472
39.0,6473
39.0,6474
63.0,1903
63.0,1904
63.0,5227
63.0,4200
63.0,4201
63.0,4825
63.0,4826
54.0,622
54.0,623
54.0,1032
54.0,1033
54.0,247
39.0,248
39.0,249
63.0,250
63.0,251
63.0,624
97.0,625
97.0,626
10.0,2401
10.0,2402
10.0,2403
10.0,2404
0.0,2405
0.0,2406
0.0,2407
42.0,2408
20.0,2409
20.0,2410
20.0,2411
212.0,2412
212.0,1905
15.0,1906
39.0,1907
39.0,1908
63.0,1909
63.0,1034
11.0,1035
11.0,1036
14.0,1910
14.0,1911
63.0,6358
63.0,6359
63.0,6360
63.0,6361
63.0,5683
11.0,5684
11.0,1912
11.0,1913
17.0,1914
17.0,6167
17.0,2158
17.0,2159
17.0,2160
17.0,2161
17.0,2162
17.0,2163
17.0,2164
17.0,6168
17.0,6169
17.0,252
213.0,253
213.0,254
213.0,255
213.0,4202
213.0,4827
38.0,3791
38.0,3792
38.0,3793
214.0,4203
214.0,4204
61.0,2413
61.0,2414
61.0,2415
61.0,2416
5.0,2417
5.0,2418
215.0,2419
215.0,627
215.0,628
20.0,629
216.0,630
216.0,1038
216.0,1039
216.0,1040
216.0,6602
216.0,6603
216.0,6604
10.0,6605
20.0,2058
10.0,2059
10.0,474
10.0,4591
10.0,55
39.0,6362
63.0,6363
34.0,6364
34.0,1782
34.0,1783
39.0,1784
39.0,1785
38.0,4500
38.0,4501
38.0,4502
38.0,4503
38.0,2652
38.0,6365
38.0,5685
11.0,5686
11.0,1786
11.0,1787
11.0,1788
14.0,2165
14.0,2166
14.0,2167
24.0,2168
24.0,2169
24.0,2170
24.0,796
14.0,797
14.0,3396
110.0,4828
42.0,753
9.0,755
61.0,756
61.0,757
61.0,256
5.0,257
5.0,1789
5.0,1790
5.0,258
41.0,259
41.0,260
41.0,4829
41.0,4205
23.0,4206
61.0,4207
5.0,631
5.0,1041
5.0,1042
5.0,6606
5.0,6607
217.0,6608
217.0,2171
217.0,2172
217.0,1401
217.0,2854
217.0,1668
24.0,4592
24.0,4593
18.0,1791
63.0,2653
127.0,2173
127.0,2174
127.0,2175
127.0,1792
127.0,1793
39.0,1794
39.0,6366
22.0,1669
22.0,5796
10.0,2181
10.0,2182
10.0,2183
63.0,26
39.0,27
39.0,5779
39.0,5780
11.0,2184
14.0,2185
14.0,6879
63.0,4208
63.0,4209
63.0,4210
218.0,4211
218.0,4212
17.0,4213
25.0,3794
2.0,6170
42.0,6171
42.0,3795
22.0,3796
23.0,4830
219.0,4831
219.0,5228
219.0,5229
5.0,5230
5.0,5231
5.0,1402
19.0,1403
51.0,2186
220.0,2187
220.0,2188
220.0,2189
1.0,4832
1.0,828
50.0,829
50.0,4833
221.0,4834
221.0,261
0.0,262
39.0,2420
39.0,2421
39.0,2422
39.0,2423
39.0,2424
39.0,2850
34.0,2851
20.0,2852
20.0,2853
34.0,4594
34.0,4595
63.0,4596
63.0,4597
54.0,4598
54.0,2425
54.0,2060
54.0,6609
5.0,6610
5.0,6611
222.0,6612
222.0,6172
222.0,263
222.0,264
63.0,6613
130.0,6614
130.0,6616
63.0,6429
63.0,6430
15.0,6736
15.0,6737
38.0,6738
38.0,6739
38.0,6708
38.0,1670
38.0,1671
25.0,4214
25.0,4215
25.0,2190
25.0,2191
42.0,2192
42.0,2193
42.0,2194
42.0,4216
42.0,4217
17.0,4218
14.0,6977
7.0,6978
7.0,6979
7.0,2195
7.0,2196
20.0,4835
63.0,4836
63.0,4837
7.0,1246
7.0,1247
7.0,4838
62.0,1101
62.0,2426
77.0,1043
77.0,1044
77.0,6880
77.0,6881
73.0,2061
2.0,2062
2.0,6617
39.0,2197
39.0,2198
223.0,1672
223.0,3397
223.0,3398
223.0,2263
223.0,2264
39.0,2265
39.0,2266
39.0,2267
97.0,2268
97.0,2269
97.0,2270
224.0,2271
224.0,5687
63.0,5688
63.0,2272
63.0,2273
6.0,2274
6.0,5826
63.0,5827
14.0,5828
17.0,5829
14.0,5830
14.0,5831
0.0,28
0.0,29
14.0,798
14.0,799
7.0,800
225.0,801
225.0,2275
2.0,2276
18.0,2277
18.0,2278
226.0,2279
226.0,4839
226.0,6882
226.0,6173
226.0,6174
226.0,1248
226.0,1045
226.0,1046
226.0,3797
18.0,3798
18.0,3799
227.0,3800
227.0,3801
227.0,4599
53.0,6175
53.0,6176
53.0,5892
53.0,5893
53.0,6883
53.0,6884
1.0,1496
1.0,1497
24.0,1498
24.0,1499
24.0,1404
24.0,2427
228.0,2428
228.0,2429
228.0,2431
228.0,2280
228.0,2281
63.0,2282
0.0,2283
20.0,2284
20.0,2285
6.0,1673
11.0,2286
11.0,2287
34.0,2288
34.0,5689
34.0,5690
34.0,5691
34.0,5692
42.0,5693
20.0,2654
20.0,3399
54.0,3981
54.0,3982
0.0,3983
0.0,3984
81.0,1443
81.0,1444
81.0,1674
81.0,1675
25.0,1676
17.0,475
17.0,476
17.0,1500
17.0,1501
229.0,1677
229.0,1679
229.0,1680
229.0,2289
229.0,2290
229.0,3605
2.0,3606
230.0,3607
230.0,802
230.0,803
5.0,804
5.0,805
5.0,1047
5.0,4219
5.0,4220
23.0,6177
18.0,6178
35.0,6179
35.0,6180
35.0,6181
35.0,6182
178.0,6183
178.0,1405
2.0,1406
2.0,3802
2.0,3803
110.0,3804
110.0,3805
81.0,3806
81.0,3807
5.0,6618
5.0,5232
5.0,5396
231.0,5397
231.0,2855
31.0,911
31.0,2291
31.0,2292
24.0,6367
24.0,6368
24.0,2294
24.0,2295
14.0,1795
180.0,1796
39.0,5694
39.0,5695
20.0,5696
20.0,56
20.0,514
20.0,6709
20.0,1797
20.0,1681
20.0,1682
5.0,806
5.0,807
34.0,808
34.0,2298
34.0,2299
34.0,2300
34.0,2153
34.0,6980
7.0,1048
15.0,632
42.0,1049
42.0,1050
25.0,1051
146.0,1052
232.0,5894
232.0,5895
61.0,5896
61.0,5897
233.0,2301
233.0,2302
5.0,2303
5.0,2856
18.0,2857
18.0,2858
18.0,2859
9.0,2860
113.0,2861
73.0,265
22.0,266
2.0,267
2.0,268
24.0,269
24.0,270
24.0,271
234.0,272
234.0,5233
234.0,4840
6.0,4841
97.0,4842
14.0,4843
11.0,4844
11.0,4845
11.0,477
11.0,478
11.0,2862
54.0,1053
54.0,2432
54.0,2433
54.0,2434
235.0,2435
235.0,2576
235.0,2577
25.0,2578
25.0,2579
25.0,2580
25.0,2581
25.0,1054
25.0,1055
10.0,1846
10.0,1847
10.0,2582
10.0,2583
10.0,6940
10.0,6941
10.0,4458
10.0,4459
15.0,6369
63.0,6370
63.0,5697
63.0,5699
63.0,5700
63.0,5701
63.0,5702
38.0,2586
38.0,2587
25.0,1056
11.0,5234
17.0,633
17.0,634
17.0,635
17.0,636
236.0,4846
236.0,4847
236.0,4848
236.0,4849
236.0,3808
236.0,3809
14.0,637
14.0,638
201.0,4600
201.0,2436
237.0,2437
237.0,2438
93.0,2439
93.0,2588
4.0,2589
4.0,2590
19.0,2591
19.0,2592
5.0,6620
5.0,6621
18.0,6622
18.0,6885
18.0,6886
238.0,6887
238.0,6888
11.0,2596
54.0,2597
11.0,2598
11.0,2599
11.0,2600
11.0,5703
63.0,6726
63.0,2601
63.0,2602
63.0,2603
34.0,30
34.0,31
11.0,1683
11.0,2655
42.0,5797
17.0,5798
17.0,5799
17.0,5800
17.0,2230
239.0,2231
239.0,1852
239.0,2604
239.0,2605
239.0,2606
7.0,2607
7.0,4222
7.0,4223
0.0,4224
0.0,4225
0.0,1249
0.0,6623
240.0,6624
240.0,6625
240.0,1057
240.0,1058
240.0,1059
5.0,2608
263.0,2609
75.0,2610
241.0,639
241.0,640
241.0,641
1.0,273
1.0,274
2.0,275
23.0,4850
51.0,277
51.0,2593
51.0,2594
51.0,2595
21.0,2440
21.0,2441
202.0,2442
242.0,2443
242.0,2444
242.0,6626
242.0,6627
39.0,6628
39.0,6629
39.0,6630
39.0,5801
6.0,5802
7.0,5803
7.0,1502
7.0,3400
11.0,3401
11.0,2611
11.0,2612
243.0,2613
243.0,2614
243.0,1684
11.0,1685
11.0,809
11.0,5704
15.0,5705
15.0,868
15.0,2232
34.0,1537
63.0,1538
15.0,1539
239.0,2666
239.0,2667
239.0,2668
38.0,2863
38.0,6889
38.0,6890
38.0,6184
38.0,6185
20.0,6186
20.0,6187
20.0,4226
20.0,6038
20.0,6039
51.0,1096
51.0,6040
51.0,6041
81.0,4851
18.0,4852
18.0,278
244.0,1060
5.0,1061
245.0,6188
245.0,6189
5.0,279
5.0,280
24.0,281
5.0,2864
5.0,282
13.0,283
21.0,6981
191.0,2669
191.0,2670
191.0,2671
246.0,2672
246.0,2673
246.0,642
25.0,643
0.0,1407
0.0,1408
20.0,1409
20.0,1062
20.0,1063
20.0,1798
39.0,2445
6.0,2674
6.0,2675
14.0,2676
6.0,3811
6.0,2880
63.0,2677
63.0,2678
10.0,2679
38.0,2680
38.0,2681
20.0,3812
20.0,3813
10.0,5706
10.0,3986
10.0,3987
25.0,3988
11.0,3989
11.0,4504
97.0,4505
247.0,1503
247.0,1504
247.0,1505
247.0,1506
247.0,1507
11.0,2682
11.0,2683
17.0,2684
17.0,2685
17.0,2686
54.0,6190
54.0,6191
22.0,6192
17.0,6193
248.0,6194
248.0,2446
248.0,2447
34.0,2448
25.0,2449
249.0,2688
249.0,2689
250.0,2690
250.0,1508
250.0,4853
18.0,1064
18.0,4227
5.0,4228
35.0,4229
35.0,4230
35.0,4854
35.0,4855
41.0,4856
41.0,2691
81.0,2692
81.0,1065
81.0,1066
81.0,1067
81.0,2451
251.0,2452
251.0,2453
251.0,2454
252.0,2455
252.0,2456
252.0,1250
20.0,4601
20.0,6371
20.0,6372
20.0,2615
20.0,430
17.0,431
17.0,817
17.0,4385
17.0,6501
17.0,6502
253.0,6503
253.0,6505
253.0,6506
81.0,3402
63.0,5804
14.0,5805
39.0,2693
39.0,2694
39.0,2695
39.0,5806
63.0,5807
63.0,3094
63.0,3095
254.0,5707
254.0,5481
14.0,6195
14.0,6196
14.0,284
11.0,285
11.0,2063
17.0,2064
17.0,2065
17.0,2066
17.0,286
11.0,2067
42.0,2068
19.0,2069
19.0,2070
245.0,2071
5.0,2458
5.0,2459
24.0,2460
40.0,2461
61.0,2462
61.0,2463
61.0,2464
61.0,2465
61.0,2865
18.0,2866
51.0,2867
51.0,2868
255.0,2869
255.0,2870
255.0,2871
51.0,6042
51.0,6043
256.0,6044
256.0,6045
18.0,3096
19.0,3097
48.0,3098
20.0,3099
20.0,3100
63.0,3101
63.0,3102
14.0,3103
14.0,810
14.0,4602
14.0,4603
10.0,72
20.0,84
20.0,6373
20.0,6374
20.0,6375
20.0,5708
17.0,3403
17.0,3404
17.0,3405
17.0,3406
17.0,32
17.0,3104
17.0,3105
17.0,3106
25.0,1068
25.0,4857
25.0,4858
25.0,1069
25.0,1070
25.0,1071
25.0,1072
24.0,5236
24.0,1073
24.0,6765
24.0,6766
257.0,6767
257.0,4859
257.0,4860
257.0,4861
258.0,4862
258.0,4863
259.0,4864
259.0,2073
24.0,4865
42.0,4866
42.0,2468
101.0,2469
104.0,5237
19.0,2074
19.0,644
19.0,4604
18.0,1799
18.0,3108
18.0,3109
18.0,3110
18.0,3111
1.0,3112
260.0,3113
260.0,3116
260.0,3117
11.0,3118
63.0,2470
63.0,2471
38.0,2472
38.0,2473
38.0,3119
38.0,3120
15.0,2584
15.0,3121
14.0,3122
84.0,3123
84.0,1283
84.0,1284
63.0,1285
63.0,1686
63.0,3990
63.0,5709
63.0,4506
63.0,3124
63.0,3125
17.0,6982
63.0,6983
63.0,6984
17.0,6985
17.0,5898
15.0,5899
14.0,5900
11.0,5901
42.0,3128
22.0,3129
261.0,4867
261.0,4868
261.0,4605
261.0,5238
261.0,6631
261.0,6632
262.0,6633
262.0,6634
262.0,645
17.0,646
38.0,647
38.0,6197
38.0,6198
263.0,6199
237.0,6200
264.0,1074
264.0,1075
264.0,3130
162.0,3131
162.0,3132
162.0,3133
2.0,287
35.0,288
5.0,289
41.0,2872
265.0,3136
265.0,3137
97.0,3138
97.0,3139
97.0,3140
97.0,6201
54.0,6202
54.0,6203
54.0,6205
54.0,290
266.0,291
266.0,292
63.0,2293
63.0,3141
42.0,3142
54.0,1687
20.0,6431
20.0,6432
20.0,6376
20.0,6377
11.0,6378
11.0,3143
11.0,3144
20.0,3145
20.0,3146
20.0,3147
20.0,3148
14.0,3407
14.0,3408
299.0,3409
267.0,3410
267.0,3411
267.0,883
267.0,884
15.0,5710
15.0,4473
63.0,3149
25.0,3150
268.0,6986
268.0,5902
268.0,5903
268.0,4997
269.0,5239
269.0,5241
269.0,1410
20.0,1411
20.0,1412
20.0,3151
20.0,3152
63.0,3153
63.0,3154
63.0,3155
232.0,3156
270.0,3157
270.0,3165
2.0,3166
62.0,3167
62.0,4869
61.0,3814
61.0,648
61.0,649
271.0,293
271.0,294
271.0,295
271.0,296
272.0,650
272.0,651
18.0,1413
18.0,5398
18.0,5399
18.0,5400
18.0,5401
140.0,5402
140.0,2075
5.0,2076
4.0,2873
273.0,2874
273.0,2875
97.0,2876
54.0,2877
54.0,2878
63.0,2879
54.0,652
54.0,2881
5.0,6635
5.0,6636
5.0,6637
274.0,1414
274.0,6046
274.0,6206
275.0,6047
275.0,6048
275.0,4606
275.0,4607
276.0,5808
276.0,3168
276.0,3169
63.0,3170
34.0,3171
11.0,3172
11.0,3173
63.0,3174
63.0,1688
63.0,2616
63.0,1689
11.0,1690
25.0,6379
42.0,5711
42.0,5712
42.0,5713
42.0,5714
42.0,5715
14.0,2233
14.0,2234
25.0,6987
25.0,4608
25.0,4609
25.0,4610
25.0,4611
25.0,5904
25.0,5905
11.0,4612
25.0,4870
7.0,4871
7.0,4872
7.0,4873
5.0,4874
20.0,4875
20.0,3815
20.0,3816
20.0,2474
42.0,2475
42.0,2476
51.0,6207
277.0,6208
277.0,4876
277.0,4877
278.0,2882
278.0,2883
278.0,6638
278.0,6639
2.0,6640
245.0,6641
2.0,297
2.0,653
19.0,654
18.0,2884
18.0,2885
18.0,6891
18.0,2477
18.0,3179
21.0,4878
21.0,4879
97.0,6380
42.0,3181
42.0,3182
42.0,73
42.0,74
54.0,75
54.0,57
42.0,58
63.0,2656
63.0,2657
63.0,2658
63.0,3183
63.0,3184
63.0,6381
34.0,6382
34.0,6383
17.0,6384
17.0,6385
17.0,3185
20.0,3186
20.0,3187
63.0,3188
63.0,3189
25.0,3190
25.0,3191
7.0,3192
7.0,3608
7.0,3193
7.0,3194
15.0,3195
11.0,7011
11.0,7012
25.0,4231
25.0,4232
0.0,2886
34.0,3817
279.0,3818
279.0,3819
63.0,655
63.0,1415
19.0,6642
280.0,6209
280.0,6988
101.0,6989
101.0,6990
101.0,4233
9.0,4234
9.0,2479
23.0,2887
23.0,2888
23.0,2889
281.0,6643
281.0,6644
19.0,6645
61.0,6646
61.0,3199
61.0,3200
61.0,6647
282.0,6649
282.0,6650
282.0,3201
283.0,3202
283.0,3203
284.0,2077
284.0,1076
284.0,3204
31.0,3205
285.0,3206
285.0,3609
285.0,3207
98.0,3208
98.0,3412
39.0,3209
39.0,3210
5.0,3211
34.0,3212
34.0,3213
34.0,3214
11.0,6386
5.0,6387
7.0,6388
20.0,6389
97.0,3413
97.0,2890
97.0,2891
39.0,2892
39.0,4460
17.0,4461
25.0,3215
25.0,3216
25.0,5809
7.0,5810
7.0,2659
7.0,3217
7.0,3218
286.0,5242
286.0,758
24.0,759
24.0,1800
24.0,4235
287.0,4236
287.0,4237
287.0,4238
14.0,3220
38.0,3221
288.0,3222
288.0,3223
288.0,6210
31.0,6211
289.0,6212
289.0,830
18.0,6651
290.0,6213
290.0,6214
290.0,6215
290.0,6216
290.0,4880
290.0,4881
61.0,4883
61.0,3227
61.0,3228
61.0,3229
18.0,3230
25.0,3231
25.0,4884
25.0,4885
4.0,4886
4.0,4887
291.0,4888
291.0,5243
51.0,5244
51.0,6652
23.0,6653
292.0,2893
292.0,2894
292.0,2895
54.0,2896
127.0,3853
127.0,1416
22.0,4889
39.0,4890
39.0,2480
39.0,2481
39.0,2482
293.0,6654
293.0,6655
293.0,6656
293.0,3235
20.0,3236
20.0,3477
20.0,3478
130.0,3479
20.0,3480
20.0,3481
20.0,3482
20.0,3483
20.0,3484
63.0,3485
63.0,3486
63.0,3487
63.0,3488
294.0,3489
294.0,1544
294.0,4462
294.0,4463
294.0,1691
63.0,1692
63.0,1693
63.0,6942
63.0,6943
63.0,6944
15.0,4613
15.0,4614
7.0,4615
7.0,4616
25.0,4464
25.0,4465
25.0,4466
25.0,4467
34.0,4468
17.0,4469
63.0,4470
63.0,4471
17.0,4472
17.0,4474
17.0,4475
7.0,4476
7.0,4477
7.0,3491
295.0,5948
295.0,6217
296.0,6218
296.0,6219
296.0,4891
296.0,4892
296.0,4893
296.0,4894
297.0,1077
297.0,1078
297.0,1079
297.0,1080
297.0,5906
297.0,1081
297.0,3493
193.0,3494
4.0,3495
4.0,3496
5.0,3497
5.0,3498
5.0,3499
93.0,3500
93.0,4896
93.0,4897
42.0,4898
42.0,4239
42.0,4899
42.0,4900
4.0,1082
4.0,1083
4.0,1084
4.0,1085
4.0,1086
4.0,3414
4.0,3415
4.0,3416
4.0,3417
4.0,3418
4.0,4901
4.0,4902
4.0,4903
298.0,4904
298.0,4905
55.0,6220
20.0,6221
20.0,2483
20.0,2484
63.0,2485
63.0,299
63.0,300
63.0,301
14.0,3820
14.0,2897
14.0,2898
14.0,2899
54.0,2900
14.0,1146
299.0,2147
299.0,656
299.0,1087
299.0,1088
299.0,1089
299.0,1090
299.0,2078
63.0,2079
63.0,2080
63.0,5832
39.0,5833
63.0,5716
63.0,5717
38.0,5718
38.0,5719
38.0,5720
38.0,515
38.0,516
18.0,517
18.0,518
18.0,519
18.0,5100
18.0,5101
63.0,5102
63.0,6390
63.0,6391
63.0,6392
63.0,3610
10.0,3516
10.0,3517
38.0,3518
38.0,3519
38.0,3520
10.0,3419
10.0,5403
10.0,6991
34.0,6992
25.0,6993
25.0,6994
25.0,6995
25.0,6996
14.0,6997
14.0,6998
11.0,6999
38.0,302
38.0,303
38.0,1091
38.0,3162
14.0,3163
14.0,3164
14.0,2081
53.0,2082
53.0,2901
5.0,2902
5.0,2903
5.0,2904
5.0,3522
5.0,3523
113.0,1251
113.0,1252
113.0,1253
113.0,6892
113.0,6222
44.0,6223
44.0,6224
44.0,6225
61.0,6226
61.0,6227
61.0,4906
31.0,4907
300.0,4908
300.0,4909
300.0,4910
300.0,4911
300.0,4912
18.0,304
19.0,305
97.0,306
97.0,2905
97.0,2083
97.0,2084
97.0,2932
97.0,2562
97.0,1092
97.0,1093
97.0,1094
10.0,1097
10.0,307
38.0,657
27.0,658
27.0,659
27.0,2906
63.0,2907
63.0,6657
25.0,6658
25.0,3524
25.0,3525
25.0,3526
301.0,3527
301.0,3528
301.0,3529
6.0,3530
6.0,3531
6.0,3532
0.0,3533
20.0,3534
20.0,3535
20.0,3536
20.0,6393
20.0,6394
20.0,6395
63.0,6396
63.0,6397
63.0,6398
63.0,6399
63.0,6400
63.0,6401
63.0,3539
10.0,3540
10.0,5103
10.0,5104
5.0,5721
14.0,5722
14.0,4478
25.0,59
17.0,60
38.0,61
38.0,3991
38.0,3992
14.0,3993
63.0,3994
11.0,1694
11.0,6402
11.0,3420
25.0,3421
25.0,3422
24.0,3423
24.0,3424
302.0,3543
302.0,3544
302.0,6228
302.0,6229
303.0,6230
303.0,1098
303.0,1099
303.0,5246
304.0,5247
304.0,4913
304.0,4914
304.0,4915
304.0,4916
61.0,4917
61.0,4918
61.0,3545
61.0,3546
61.0,3547
61.0,6475
61.0,6231
61.0,6232
61.0,1100
305.0,3821
305.0,3822
44.0,3823
44.0,3824
5.0,2908
5.0,2909
4.0,3549
9.0,3550
9.0,3551
9.0,3552
35.0,3553
35.0,3554
35.0,1801
35.0,3825
5.0,3826
61.0,3555
18.0,3556
18.0,3557
18.0,3558
18.0,3559
18.0,3560
54.0,3561
306.0,3562
306.0,3563
20.0,6403
20.0,3564
20.0,3565
11.0,3566
11.0,5105
15.0,5106
15.0,5107
63.0,5108
63.0,5109
63.0,5110
63.0,5111
63.0,5112
63.0,6507
307.0,62
307.0,3567
307.0,3568
20.0,3569
7.0,1695
7.0,1696
14.0,1697
34.0,5723
34.0,6404
34.0,6405
34.0,3570
25.0,3571
25.0,3572
308.0,3573
308.0,5724
309.0,5725
309.0,5726
309.0,5727
309.0,5728
309.0,5729
22.0,5730
34.0,6933
34.0,6508
310.0,6509
310.0,6510
310.0,6511
310.0,1802
310.0,6768
310.0,2910
310.0,2486
310.0,2487
310.0,5907
19.0,5908
311.0,5909
311.0,2488
311.0,2489
44.0,2490
44.0,4920
44.0,4921
44.0,4922
44.0,4923
44.0,3574
44.0,3575
44.0,4240
67.0,4241
9.0,3828
312.0,3829
312.0,3830
312.0,5910
2.0,660
2.0,661
2.0,662
5.0,663
61.0,4924
61.0,4925
313.0,4242
313.0,4243
313.0,4244
313.0,4245
5.0,4246
5.0,308
5.0,309
5.0,310
5.0,6282
5.0,3831
5.0,6659
92.0,1102
67.0,311
67.0,4247
67.0,2911
67.0,2491
22.0,2492
84.0,2493
25.0,2912
17.0,2913
17.0,2914
54.0,2915
54.0,2916
54.0,3576
17.0,3577
17.0,3578
17.0,3579
63.0,6660
63.0,2085
63.0,2086
63.0,2087
314.0,2088
314.0,2089
39.0,2090
39.0,2091
34.0,2092
34.0,3832
34.0,3833
34.0,2917
54.0,2918
11.0,3628
11.0,3629
11.0,3630
11.0,3631
63.0,6512
63.0,6513
39.0,3632
39.0,3633
39.0,6406
39.0,6407
39.0,2235
15.0,2236
15.0,2237
15.0,2238
20.0,2239
34.0,1183
7.0,1803
17.0,3490
15.0,6233
39.0,6234
25.0,6235
11.0,4479
11.0,885
11.0,886
25.0,887
25.0,888
25.0,2660
25.0,1698
25.0,1699
315.0,5466
315.0,5467
315.0,2919
315.0,2920
7.0,2921
14.0,2922
14.0,1254
14.0,3634
14.0,3635
14.0,3636
14.0,5731
14.0,5732
14.0,4248
34.0,4249
34.0,5404
25.0,5405
25.0,5406
316.0,5407
316.0,6236
316.0,6237
316.0,6238
67.0,4926
67.0,4927
317.0,4928
317.0,2923
61.0,2924
61.0,4929
21.0,4930
21.0,4931
21.0,2494
21.0,6239
21.0,6240
150.0,6241
5.0,2925
297.0,4932
20.0,2094
20.0,2095
20.0,2096
4.0,2097
140.0,2098
140.0,2099
140.0,2926
140.0,664
23.0,3637
2.0,3638
2.0,3639
46.0,4933
46.0,4934
25.0,4935
25.0,665
25.0,666
25.0,667
6.0,668
318.0,3641
318.0,3642
318.0,3643
5.0,3644
5.0,3645
39.0,3646
39.0,3647
25.0,3648
25.0,3649
25.0,3650
25.0,4617
20.0,4618
20.0,4619
20.0,2495
63.0,2496
63.0,2497
63.0,2498
5.0,3651
5.0,3652
63.0,3653
63.0,3654
63.0,3655
38.0,1700
20.0,1701
20.0,3656
20.0,3657
25.0,3658
63.0,3659
39.0,5408
14.0,5409
14.0,5410
14.0,6408
14.0,6409
14.0,5733
14.0,5734
14.0,3425
25.0,3426
11.0,3427
319.0,3428
319.0,4480
319.0,3660
63.0,3661
63.0,5735
63.0,3662
11.0,3663
11.0,3667
11.0,3668
11.0,3669
320.0,3224
320.0,3225
320.0,3226
320.0,2927
320.0,3670
320.0,3671
320.0,3672
320.0,3673
320.0,3674
320.0,2499
42.0,4251
42.0,4252
42.0,4253
17.0,4254
17.0,4255
17.0,4256
17.0,4257
321.0,4620
321.0,4621
321.0,4622
322.0,4623
322.0,4624
2.0,4625
2.0,3501
323.0,3502
323.0,3503
323.0,3504
323.0,3505
19.0,3506
19.0,3507
19.0,4936
19.0,4937
19.0,6242
5.0,6243
5.0,4258
18.0,4259
18.0,5248
18.0,5249
18.0,2100
4.0,2101
324.0,4260
324.0,4261
5.0,2928
325.0,2929
325.0,2930
326.0,2931
326.0,2500
326.0,3611
293.0,3612
293.0,3613
293.0,3614
5.0,3615
327.0,3834
327.0,3835
328.0,3836
328.0,3837
328.0,3838
17.0,3839
180.0,3840
180.0,2102
180.0,2103
180.0,2104
180.0,2105
180.0,2106
180.0,2107
42.0,2108
42.0,3675
42.0,3676
42.0,3677
42.0,3429
42.0,3430
299.0,3431
299.0,3432
299.0,3433
299.0,3434
299.0,2109
299.0,2110
299.0,2111
63.0,2112
63.0,2113
20.0,3681
20.0,3682
39.0,3683
39.0,3684
54.0,3685
54.0,3686
14.0,3687
14.0,6727
34.0,6728
34.0,5736
25.0,5737
25.0,5738
25.0,5411
25.0,5412
7.0,5413
31.0,5414
31.0,3688
31.0,3689
31.0,3690
31.0,3691
34.0,1702
34.0,3995
34.0,6244
34.0,6245
34.0,1104
34.0,1105
34.0,3692
14.0,3693
14.0,3694
14.0,3695
14.0,5911
14.0,4262
14.0,4263
14.0,4264
329.0,4265
329.0,831
329.0,1106
18.0,1107
18.0,1108
18.0,1109
18.0,1110
18.0,1111
18.0,4938
14.0,313
14.0,4939
14.0,4940
14.0,1112
14.0,6246
330.0,2933
330.0,2934
331.0,2936
331.0,2114
332.0,2115
332.0,2501
332.0,2502
75.0,2503
75.0,2504
5.0,1510
5.0,3678
5.0,3679
19.0,6049
19.0,6050
19.0,2116
19.0,2117
333.0,2118
333.0,3699
334.0,3700
334.0,3701
2.0,3702
35.0,5820
20.0,5821
20.0,5822
14.0,3175
14.0,3176
335.0,3177
335.0,3178
335.0,6514
335.0,3435
54.0,2176
39.0,2177
39.0,2178
39.0,2179
39.0,2180
130.0,1703
54.0,3703
54.0,3704
54.0,3705
54.0,3706
54.0,3707
54.0,3708
63.0,3709
10.0,3710
63.0,3714
63.0,3715
14.0,5912
20.0,5913
20.0,3716
25.0,3717
25.0,3718
25.0,3719
25.0,3720
14.0,3721
14.0,1113
17.0,1114
17.0,432
17.0,3722
17.0,3723
81.0,3724
81.0,3725
329.0,3726
329.0,3841
24.0,3842
24.0,3843
14.0,5250
14.0,5251
14.0,5252
336.0,2119
336.0,3844
337.0,3845
337.0,3846
52.0,3847
52.0,2937
52.0,2938
52.0,2939
278.0,2940
278.0,669
278.0,670
278.0,671
67.0,2120
18.0,2121
219.0,3897
219.0,3898
219.0,3899
219.0,3900
219.0,3901
2.0,6893
338.0,6894
338.0,6895
338.0,4266
339.0,4267
339.0,3848
340.0,6248
340.0,6249
340.0,6250
341.0,3850
341.0,3851
54.0,3852
54.0,3854
342.0,4626
342.0,314
343.0,315
343.0,316
344.0,317
344.0,2506
6.0,2507
6.0,2941
5.0,2942
345.0,2943
345.0,2944
345.0,2945
345.0,2946
345.0,2571
34.0,2947
34.0,2948
34.0,1511
15.0,1512
15.0,1513
15.0,1514
63.0,1515
34.0,1516
34.0,1517
34.0,1518
34.0,4627
25.0,4628
25.0,4629
25.0,1255
25.0,3906
25.0,3907
25.0,2123
25.0,2124
14.0,5253
14.0,5254
14.0,5255
346.0,6661
346.0,5256
346.0,5257
346.0,5258
346.0,2949
17.0,5739
17.0,5740
17.0,5741
39.0,3908
39.0,3909
34.0,3910
10.0,3911
10.0,3912
10.0,2585
34.0,6748
34.0,3913
34.0,3914
34.0,912
34.0,913
42.0,3915
10.0,3916
10.0,3917
10.0,1704
10.0,1705
38.0,3918
38.0,3919
25.0,3920
25.0,3921
25.0,3922
25.0,3923
25.0,3924
25.0,3925
17.0,3926
25.0,1804
25.0,1805
81.0,3927
81.0,3928
81.0,3929
81.0,3930
81.0,847
81.0,848
81.0,5113
81.0,5415
42.0,5416
42.0,5417
42.0,5418
6.0,5419
347.0,3436
347.0,3437
14.0,3438
14.0,5742
54.0,5743
54.0,4507
15.0,4508
7.0,4509
15.0,3931
15.0,3932
15.0,4000
25.0,4001
18.0,4002
18.0,4003
18.0,4004
348.0,4005
348.0,4006
348.0,4007
348.0,5811
348.0,5812
237.0,4008
79.0,4009
349.0,4010
349.0,4011
146.0,4012
146.0,4268
350.0,4269
350.0,2950
350.0,479
2.0,480
2.0,481
351.0,482
351.0,483
352.0,1115
352.0,672
353.0,673
353.0,674
353.0,4941
353.0,6251
353.0,3508
22.0,3509
22.0,3510
354.0,2951
354.0,2952
354.0,2953
354.0,2954
135.0,2955
135.0,2956
44.0,675
19.0,4630
19.0,4631
19.0,4632
19.0,4633
19.0,3855
18.0,3856
18.0,3857
18.0,3858
5.0,2508
5.0,4013
41.0,4014
41.0,4015
41.0,4016
355.0,4017
355.0,1417
356.0,3997
356.0,4018
356.0,4019
356.0,1706
357.0,2661
357.0,1445
357.0,1446
357.0,6410
51.0,5744
51.0,5745
358.0,5746
358.0,3439
358.0,3440
358.0,3441
358.0,3442
39.0,849
39.0,850
5.0,6411
38.0,6412
38.0,5420
38.0,4020
38.0,4021
38.0,811
14.0,812
11.0,2240
11.0,4510
11.0,6476
63.0,6478
10.0,6479
299.0,3107
299.0,5747
299.0,5748
25.0,5749
25.0,4022
25.0,4023
25.0,4024
25.0,4025
25.0,4026
11.0,4027
433.0,2957
42.0,2958
42.0,484
42.0,485
42.0,486
34.0,487
34.0,488
34.0,489
34.0,490
17.0,491
359.0,492
359.0,493
360.0,494
360.0,495
360.0,496
17.0,1116
35.0,1117
35.0,1118
361.0,1119
361.0,1120
2.0,1121
23.0,1122
178.0,4028
178.0,4029
19.0,4030
5.0,6252
5.0,1123
5.0,2125
19.0,2126
18.0,318
18.0,319
18.0,4270
135.0,4271
135.0,2959
61.0,2961
61.0,2962
19.0,2963
362.0,4942
362.0,5259
24.0,5260
24.0,4031
21.0,4032
41.0,4033
63.0,4034
63.0,4035
63.0,4036
260.0,3859
5.0,3860
5.0,3861
5.0,3862
363.0,6896
363.0,6253
363.0,6254
363.0,6255
363.0,2964
363.0,1124
25.0,1125
25.0,1126
110.0,1127
110.0,1128
110.0,3114
110.0,3115
110.0,6051
110.0,6052
110.0,1806
110.0,1807
110.0,1808
110.0,1809
110.0,1810
110.0,2509
110.0,2510
14.0,2511
14.0,4039
14.0,4040
11.0,4041
11.0,4042
11.0,4043
11.0,4044
364.0,4045
364.0,3616
364.0,3617
20.0,3618
14.0,3619
14.0,3620
14.0,3621
10.0,5261
10.0,5262
39.0,5263
39.0,5264
5.0,5265
5.0,2127
5.0,2128
5.0,2129
5.0,4046
63.0,4047
15.0,1519
15.0,1520
365.0,1521
365.0,1522
365.0,1523
365.0,1524
365.0,4048
365.0,4049
34.0,4050
34.0,6945
34.0,2241
34.0,2242
0.0,5750
20.0,5751
20.0,1883
20.0,4051
25.0,4052
38.0,4053
38.0,6413
38.0,6414
38.0,6415
38.0,1184
261.0,1185
261.0,4054
7.0,4056
7.0,4057
22.0,4058
22.0,4059
22.0,4060
22.0,4061
22.0,851
17.0,5752
17.0,5753
17.0,5754
366.0,6416
366.0,2296
366.0,6417
367.0,813
367.0,814
367.0,6515
367.0,6516
31.0,6517
31.0,6518
31.0,6519
31.0,6520
31.0,5834
31.0,5835
15.0,5836
15.0,5837
15.0,5838
15.0,7013
15.0,7014
14.0,4062
14.0,4063
14.0,4064
368.0,4066
368.0,4067
81.0,3443
81.0,3444
81.0,3445
81.0,4068
81.0,4069
81.0,4070
369.0,4071
369.0,4072
369.0,4272
93.0,4273
21.0,4274
21.0,4339
18.0,4340
18.0,4341
18.0,4342
370.0,2965
370.0,2130
370.0,433
61.0,4275
61.0,4276
61.0,4277
150.0,4278
150.0,321
371.0,322
371.0,5914
371.0,5915
371.0,5916
371.0,5917
372.0,2512
372.0,2513
372.0,676
135.0,677
18.0,6256
18.0,6257
18.0,6480
22.0,678
233.0,679
19.0,681
24.0,682
24.0,4943
61.0,4944
61.0,4945
61.0,6666
61.0,323
61.0,324
61.0,325
53.0,326
53.0,327
53.0,328
53.0,329
53.0,3863
98.0,3864
98.0,1129
373.0,1130
373.0,1131
373.0,2966
373.0,2967
374.0,436
374.0,2968
18.0,2969
18.0,2970
18.0,2971
375.0,2972
375.0,2973
375.0,2974
375.0,2975
375.0,1418
39.0,4343
39.0,4344
39.0,4345
376.0,1853
376.0,1854
376.0,4346
376.0,4347
25.0,4348
14.0,2514
5.0,4349
39.0,4350
39.0,4351
39.0,4352
39.0,6053
10.0,6054
10.0,6055
54.0,4946
54.0,4947
54.0,4948
54.0,4949
38.0,4950
38.0,6258
11.0,6259
11.0,330
20.0,6056
20.0,6057
63.0,4353
11.0,4354
11.0,4355
11.0,4356
11.0,4357
63.0,4358
63.0,4359
63.0,4360
63.0,4361
10.0,4362
10.0,4363
10.0,4364
10.0,4365
10.0,6418
10.0,2662
10.0,2663
34.0,889
34.0,5755
14.0,3446
14.0,3447
14.0,3448
25.0,3449
25.0,3450
5.0,3451
25.0,3452
25.0,3453
25.0,4366
25.0,4367
25.0,5757
25.0,4368
25.0,4369
25.0,4370
25.0,6260
377.0,6261
377.0,6262
377.0,6263
202.0,6264
202.0,6265
378.0,6266
378.0,6267
378.0,4279
38.0,4280
379.0,4281
379.0,4282
379.0,4283
379.0,5918
6.0,4387
6.0,2976
6.0,2977
63.0,2978
63.0,4952
63.0,434
63.0,435
63.0,4953
20.0,331
20.0,332
63.0,4388
7.0,4389
7.0,4284
380.0,5920
380.0,5921
381.0,4634
381.0,4635
381.0,5922
382.0,5923
382.0,5924
382.0,5925
382.0,5926
383.0,5927
383.0,6897
383.0,4285
383.0,4286
61.0,4287
23.0,4288
23.0,4289
140.0,4290
5.0,4291
5.0,4292
18.0,4293
18.0,4294
18.0,4295
18.0,4296
18.0,4297
18.0,4298
18.0,4299
18.0,4300
384.0,1132
384.0,1133
5.0,1134
385.0,3865
385.0,3866
385.0,3867
51.0,6898
20.0,6900
20.0,1135
10.0,1136
20.0,1137
20.0,6662
20.0,2979
20.0,2980
20.0,2982
39.0,333
39.0,334
39.0,335
39.0,336
39.0,2983
54.0,4390
386.0,4391
386.0,4392
5.0,4393
5.0,1811
5.0,5266
63.0,5267
5.0,5268
5.0,5269
63.0,4394
10.0,4395
10.0,4396
387.0,4397
387.0,4398
39.0,3868
54.0,3869
54.0,3580
54.0,3581
42.0,3582
42.0,3680
54.0,4399
54.0,4400
54.0,4401
54.0,4402
54.0,4403
54.0,4404
0.0,4405
39.0,4406
39.0,4407
39.0,4408
39.0,2515
180.0,2516
180.0,2517
180.0,3902
180.0,3903
180.0,3904
180.0,3905
180.0,6663
39.0,6664
39.0,2984
39.0,2985
39.0,2986
39.0,2987
14.0,4409
14.0,4410
14.0,4411
34.0,4412
34.0,4413
34.0,4414
0.0,2131
0.0,2132
0.0,2988
14.0,2989
14.0,2990
14.0,4415
7.0,4416
25.0,4515
25.0,4516
25.0,4517
15.0,4518
15.0,4519
15.0,5758
15.0,2243
25.0,1812
388.0,1813
388.0,6419
388.0,6420
388.0,5839
22.0,5840
15.0,5841
15.0,5842
15.0,5843
15.0,5844
389.0,5759
389.0,5760
389.0,5761
390.0,5762
390.0,2297
34.0,4520
34.0,4521
315.0,4525
315.0,4526
315.0,1884
329.0,1885
391.0,1886
391.0,1887
391.0,1888
392.0,1889
392.0,3196
392.0,4527
392.0,4528
393.0,4529
393.0,4530
393.0,6268
17.0,7000
17.0,7001
17.0,5270
346.0,5271
346.0,6269
346.0,4304
346.0,4954
7.0,4955
7.0,6270
25.0,6271
25.0,6272
25.0,6273
25.0,6274
394.0,4301
394.0,4303
394.0,337
394.0,338
394.0,339
394.0,497
14.0,5421
14.0,5422
25.0,5423
25.0,5424
25.0,5425
395.0,5427
395.0,5428
396.0,5429
396.0,2518
396.0,4956
396.0,4957
396.0,4958
5.0,6275
21.0,6276
22.0,683
22.0,684
61.0,685
61.0,686
53.0,6901
53.0,6902
53.0,6903
53.0,340
53.0,341
18.0,342
18.0,343
5.0,344
5.0,345
233.0,2991
397.0,2992
397.0,2993
398.0,2994
398.0,2995
18.0,1256
18.0,687
18.0,688
18.0,346
18.0,4531
18.0,4532
285.0,4533
399.0,4534
399.0,6058
399.0,6059
399.0,6060
20.0,6061
97.0,6063
97.0,689
15.0,690
15.0,4535
20.0,4536
17.0,4537
63.0,4538
63.0,2519
20.0,4539
20.0,4540
20.0,3232
20.0,3233
20.0,3234
15.0,4541
15.0,4542
15.0,4543
15.0,4544
15.0,4545
38.0,4546
19.0,4547
19.0,347
19.0,348
19.0,349
19.0,6665
19.0,3622
19.0,3623
19.0,3624
19.0,3625
17.0,3626
63.0,3627
63.0,7002
63.0,4548
20.0,4549
20.0,4550
11.0,2996
11.0,2997
11.0,5928
11.0,873
0.0,874
0.0,4648
0.0,4649
15.0,1419
15.0,1420
15.0,1421
15.0,1422
15.0,2998
15.0,4650
25.0,4651
25.0,1708
25.0,1814
25.0,1815
25.0,1816
6.0,4481
11.0,5430
11.0,5431
15.0,1545
400.0,1546
400.0,4511
400.0,4512
400.0,4513
6.0,4514
6.0,5814
6.0,5815
6.0,4652
6.0,4653
6.0,6277
11.0,6278
11.0,6279
401.0,1138
401.0,1139
401.0,1140
401.0,4959
17.0,5929
402.0,4960
402.0,1141
294.0,1423
294.0,2520
294.0,691
403.0,692
403.0,693
403.0,2133
404.0,2134
404.0,2135
404.0,1142
404.0,1143
10.0,6280
10.0,6281
10.0,2521
7.0,2522
31.0,2523
31.0,2524
31.0,2525
31.0,2526
31.0,4305
31.0,4306
97.0,4307
405.0,4308
405.0,4309
405.0,4310
5.0,4311
5.0,4312
54.0,4313
138.0,4314
138.0,4315
406.0,2999
406.0,3000
5.0,3001
5.0,3002
5.0,3003
5.0,1144
25.0,1145
455.0,2527
407.0,6064
407.0,6065
2.0,2529
22.0,2530
22.0,2531
22.0,350
4.0,3004
19.0,3005
19.0,4640
193.0,1148
193.0,1149
41.0,1150
41.0,3006
41.0,3007
41.0,3008
53.0,1258
51.0,1259
51.0,1260
408.0,1261
408.0,3009
20.0,3010
20.0,3011
20.0,3012
38.0,3013
38.0,3014
38.0,3015
63.0,3016
54.0,1262
63.0,1263
14.0,4316
14.0,4317
17.0,4318
11.0,3454
11.0,3455
11.0,3456
14.0,3457
14.0,4654
14.0,4655
14.0,437
14.0,438
20.0,439
20.0,440
20.0,441
20.0,5272
17.0,5273
17.0,4656
17.0,4657
17.0,4658
39.0,1554
39.0,1555
39.0,1556
39.0,1557
39.0,1558
39.0,1559
39.0,1560
39.0,1561
39.0,1562
39.0,1563
39.0,1564
25.0,1817
25.0,2532
25.0,1565
25.0,1566
25.0,3511
14.0,3512
14.0,4659
14.0,4660
42.0,4661
42.0,4662
42.0,4663
42.0,4664
38.0,4665
20.0,4666
20.0,4667
17.0,6667
17.0,6668
17.0,4668
17.0,4669
63.0,442
25.0,2136
25.0,4670
42.0,4671
14.0,4672
14.0,4673
14.0,2533
25.0,4676
25.0,4677
25.0,4678
11.0,4679
11.0,4680
11.0,3640
11.0,5432
11.0,1424
25.0,1425
25.0,4961
25.0,4962
25.0,4681
25.0,4682
25.0,4683
25.0,4684
25.0,5011
6.0,5012
6.0,5013
39.0,5014
39.0,5015
39.0,4641
18.0,4642
18.0,4643
18.0,4644
18.0,3017
409.0,3018
409.0,3019
5.0,3020
5.0,5016
5.0,5017
5.0,5018
5.0,5019
15.0,1819
15.0,1820
410.0,1821
410.0,1822
410.0,1823
6.0,1824
6.0,5020
6.0,5021
6.0,5022
6.0,5023
6.0,5024
6.0,5025
6.0,5026
6.0,3458
6.0,3459
6.0,3460
22.0,3462
17.0,5845
6.0,5846
6.0,5847
299.0,5848
299.0,5849
411.0,5850
411.0,5851
411.0,5027
411.0,5028
411.0,5029
411.0,5030
411.0,3537
411.0,3538
411.0,5033
7.0,5034
7.0,5035
412.0,3998
412.0,3999
5.0,815
14.0,816
413.0,5036
413.0,5037
413.0,5038
413.0,5039
17.0,5040
414.0,5433
414.0,5434
414.0,6421
414.0,6422
414.0,4522
319.0,4523
25.0,4524
5.0,5435
5.0,3933
63.0,3934
63.0,5041
415.0,5042
415.0,5043
415.0,5048
415.0,5049
416.0,5436
416.0,1264
416.0,1265
417.0,4319
417.0,4320
42.0,351
42.0,352
42.0,4963
42.0,2534
25.0,6283
25.0,6284
25.0,6285
25.0,4964
418.0,4965
418.0,4966
418.0,4967
418.0,4968
22.0,4969
22.0,4970
22.0,4971
22.0,4972
22.0,4973
22.0,4974
419.0,5933
419.0,5934
420.0,5935
420.0,5936
421.0,5937
421.0,2535
421.0,2536
18.0,7003
18.0,7004
18.0,7005
18.0,353
53.0,354
53.0,355
53.0,356
53.0,5050
53.0,5051
53.0,5052
53.0,5053
422.0,5054
422.0,5055
422.0,5056
422.0,3870
304.0,3871
304.0,3872
423.0,694
423.0,695
423.0,696
35.0,697
35.0,5057
24.0,5058
24.0,5059
424.0,5060
424.0,5061
424.0,6066
424.0,6669
424.0,6670
19.0,2537
19.0,2538
61.0,498
61.0,5065
397.0,5066
397.0,5067
397.0,5068
19.0,5069
355.0,2539
355.0,6067
425.0,5071
425.0,1825
425.0,1826
426.0,1827
426.0,2540
42.0,4674
63.0,5072
63.0,5073
39.0,5074
39.0,5075
10.0,5076
10.0,5077
63.0,5078
17.0,6069
20.0,6070
20.0,5079
20.0,5080
63.0,5081
63.0,5082
63.0,5083
63.0,4675
63.0,5084
54.0,5085
54.0,4645
54.0,5122
63.0,5123
63.0,4975
63.0,4976
63.0,4977
63.0,5124
63.0,5125
54.0,5126
54.0,5127
54.0,5128
54.0,5129
54.0,3021
11.0,3022
11.0,3023
97.0,5130
97.0,5131
97.0,6521
15.0,5132
15.0,5133
15.0,5134
15.0,5135
427.0,5136
427.0,5137
427.0,5138
427.0,5139
427.0,5140
427.0,5141
427.0,2244
34.0,2245
34.0,5763
34.0,5764
25.0,5142
25.0,5143
25.0,5144
25.0,5145
428.0,5146
428.0,5147
428.0,5148
428.0,5149
428.0,5150
6.0,5151
24.0,6424
24.0,6425
17.0,3711
17.0,3712
110.0,3713
429.0,2664
429.0,2665
429.0,33
430.0,2542
430.0,2543
17.0,5938
24.0,5152
24.0,5153
431.0,5154
431.0,5155
22.0,5156
22.0,6671
22.0,357
17.0,5939
413.0,3463
432.0,3464
432.0,3465
432.0,5157
432.0,5158
432.0,5159
433.0,5160
6.0,5940
6.0,1879
434.0,1880
434.0,2544
434.0,2545
434.0,4978
434.0,4979
413.0,4980
435.0,4981
435.0,4982
42.0,3025
436.0,3026
436.0,3027
63.0,3028
63.0,6286
63.0,2546
437.0,3873
437.0,3874
437.0,3875
437.0,3876
437.0,3877
437.0,2137
25.0,2138
25.0,2139
25.0,6481
438.0,4983
438.0,4984
67.0,4985
439.0,4986
439.0,4321
439.0,4322
439.0,4323
439.0,4324
440.0,4325
440.0,6287
440.0,358
441.0,360
441.0,1426
21.0,3029
21.0,3030
5.0,3032
442.0,2547
442.0,2548
443.0,2549
443.0,2140
443.0,2141
443.0,2142
443.0,443
443.0,444
443.0,445
443.0,446
61.0,447
61.0,6904
61.0,4326
340.0,6071
340.0,6072
340.0,6073
23.0,1427
23.0,1428
1.0,1429
38.0,1430
38.0,1431
38.0,2143
54.0,2144
25.0,2145
444.0,2146
444.0,4987
444.0,4988
444.0,4989
444.0,4990
63.0,5280
11.0,5281
54.0,5282
18.0,5283
18.0,5284
18.0,5285
445.0,4327
445.0,906
445.0,907
445.0,908
445.0,1151
54.0,1152
207.0,1153
207.0,1154
17.0,1155
11.0,5941
63.0,5942
63.0,361
63.0,362
63.0,363
63.0,3513
25.0,3514
25.0,3515
25.0,2148
25.0,2149
20.0,4991
11.0,4992
34.0,4646
34.0,1156
34.0,1157
34.0,1158
34.0,1159
14.0,4993
14.0,4994
14.0,4995
20.0,4996
63.0,4998
63.0,405
63.0,1160
63.0,2550
39.0,1330
39.0,1331
39.0,1332
39.0,1333
39.0,412
20.0,413
10.0,414
10.0,415
10.0,2551
5.0,2552
25.0,3033
25.0,4999
25.0,2246
25.0,2247
17.0,2248
17.0,2249
17.0,2250
6.0,2251
6.0,2252
6.0,2253
5.0,2254
5.0,2255
5.0,2256
5.0,2257
5.0,5000
0.0,5001
63.0,5002
7.0,5003
7.0,5004
7.0,5005
7.0,3034
25.0,3035
25.0,3036
25.0,3037
25.0,3038
25.0,4328
14.0,364
14.0,365
14.0,2553
14.0,2554
63.0,2555
63.0,1567
63.0,1568
63.0,3039
446.0,3040
446.0,3041
446.0,3042
446.0,3043
446.0,366
446.0,5006
39.0,367
145.0,368
145.0,369
145.0,370
14.0,371
14.0,372
14.0,373
14.0,3878
14.0,3879
54.0,3880
54.0,3881
15.0,698
15.0,699
15.0,700
299.0,3044
299.0,6288
299.0,3045
14.0,3046
14.0,3047
63.0,5286
63.0,5287
42.0,5288
11.0,2150
11.0,2151
11.0,2152
11.0,6905
63.0,701
63.0,702
63.0,703
63.0,704
63.0,705
11.0,2556
38.0,499
11.0,500
175.0,374
175.0,3048
175.0,3049
175.0,375
109.0,376
109.0,377
109.0,1161
109.0,1162
17.0,1163
17.0,5062
25.0,5063
63.0,5064
21.0,1164
21.0,1165
21.0,378
21.0,379
21.0,380
21.0,381
21.0,6289
21.0,6906
21.0,5274
21.0,3050
21.0,3051
21.0,3052
63.0,3053
63.0,3054
63.0,3055
63.0,3882
63.0,3883
63.0,3884
25.0,3885
25.0,3887
25.0,7006
25.0,7007
25.0,7008
39.0,6907
10.0,6908
10.0,6909
7.0,706
7.0,707
7.0,6290
6.0,6291
6.0,382
25.0,383
25.0,384
25.0,385
25.0,386
25.0,387
10.0,388
63.0,389
10.0,390
15.0,391
15.0,708
15.0,448
15.0,449
63.0,450
63.0,451
34.0,452
34.0,453
34.0,454
34.0,3056
11.0,3057
11.0,1266
11.0,3888
25.0,3058
20.0,3059
25.0,6910
25.0,2154
25.0,2155
447.0,2156
447.0,2157
447.0,392
6.0,393
6.0,6292
6.0,6293
0.0,1166
11.0,394
11.0,3060
11.0,3061
11.0,709
11.0,3062
11.0,4647
38.0,5289
38.0,5290
15.0,5291
25.0,5292
25.0,5293
10.0,5294
10.0,5295
10.0,5296
14.0,5297
14.0,6911
14.0,5298
428.0,5299
428.0,5300
428.0,5301
11.0,5302
11.0,5303
10.0,5304
10.0,2557
10.0,2558
10.0,2561
10.0,2563
0.0,5007
15.0,5008
25.0,5275
25.0,5276
25.0,5277
25.0,4329
25.0,4330
25.0,4331
34.0,4332
34.0,4333
34.0,710
34.0,711
34.0,712
97.0,2564
97.0,3063
97.0,3064
0.0,6673
0.0,5278
0.0,5279
11.0,2565
11.0,2566
20.0,2567
20.0,1167
10.0,713
10.0,714
10.0,715
10.0,3065
10.0,3066
10.0,6294
10.0,4334
10.0,4335
10.0,395
10.0,396
11.0,397
5.0,6912
5.0,6913
5.0,716
5.0,717
5.0,398
5.0,6914
5.0,6915
25.0,6916
25.0,6917
17.0,5305
34.0,5306
25.0,5307
25.0,5308
0.0,5309
14.0,5310
14.0,718
14.0,719
14.0,2568
15.0,3067
15.0,3068
7.0,1432
7.0,5311
14.0,5312
15.0,3069
25.0,3070
25.0,3889
11.0,6674
25.0,6675
42.0,5009
448.0,5010
448.0,3071
448.0,3072
448.0,3073
448.0,6676
448.0,3074
448.0,3075
448.0,1168
448.0,399
0.0,400
449.0,401
449.0,402
449.0,403
449.0,404
449.0,1433
449.0,1434
449.0,1435
17.0,1436
17.0,5313
17.0,5314
17.0,5315
63.0,5316
63.0,5317
15.0,5318
15.0,501
15.0,502
39.0,503
39.0,504
39.0,4336
39.0,4337
39.0,4338
11.0,3890
25.0,3891
25.0,3892
11.0,3076
25.0,3077
25.0,3078
7.0,3079
54.0,3080
54.0,3081
17.0,3082
17.0,406
17.0,3083
11.0,3084
11.0,3085
11.0,3086
11.0,3087
25.0,2569
25.0,2570
20.0,2572
39.0,2573
39.0,2574
11.0,2575
11.0,3893
11.0,3894
0.0,3895
0.0,3896
11.0,3088
11.0,3089
10.0,3090
0.0,3091
0.0,3092
0.0,3093
0.0,2258
450.0,5319
450.0,5320
450.0,5321
450.0,5322
450.0,5114
450.0,5115
11.0,5116
11.0,5117
38.0,5118
5.0,5852
5.0,5853
25.0,5323
451.0,5324
451.0,5325
25.0,5326
25.0,5327
34.0,5437
7.0,5438
7.0,5439
63.0,5440
63.0,1709
25.0,5441
25.0,5442
25.0,5443
7.0,5444
25.0,5445
25.0,5446
14.0,5447
63.0,5448
63.0,5449
63.0,5450
63.0,5451
63.0,5452
63.0,5453
17.0,5454
17.0,5119
17.0,5120
17.0,5121
452.0,1710
452.0,1711
452.0,1712
452.0,5455
452.0,5456
452.0,5457
38.0,5458
38.0,5854
38.0,1828
38.0,1829
39.0,1830
39.0,5459
39.0,5460
34.0,5461
34.0,5462
34.0,5463
25.0,0
25.0,1
25.0,3696
25.0,3697
25.0,3698
25.0,1713
25.0,1714
10.0,1716
25.0,2259
25.0,2260
25.0,2261
25.0,2262
25.0,6683
17.0,6684
17.0,5781
17.0,5782
17.0,1467
17.0,1468
17.0,3466
34.0,3467
34.0,3468
34.0,3469
34.0,3470
25.0,3471
25.0,6426
25.0,1868
25.0,1869
25.0,1870
25.0,1871
21.0,1872
453.0,1874
453.0,1450
454.0,1717
454.0,1718
44.0,1719
44.0,1720
44.0,1721
44.0,1875
53.0,1469
53.0,1470
455.0,3472
455.0,3473
455.0,5765
455.0,5766
19.0,1722
19.0,1723
19.0,1724
19.0,1725
2.0,5031
456.0,5032
456.0,4482
456.0,4483
456.0,76
456.0,3474
456.0,7015
457.0,7016
457.0,7017
457.0,7018
457.0,7019
457.0,7020
457.0,7021
458.0,7022
458.0,7023
44.0,7024
44.0,7025
44.0,7026
2.0,7027
2.0,7028
2.0,7029
459.0,7030
459.0,7031
459.0,7032
459.0,7033
22.0,7035
22.0,7036
22.0,7037
33.0,7038
33.0,7039
33.0,7040
33.0,7041
33.0,7042
3.0,7044
3.0,7045
37.0,7046
37.0,7047
37.0,7048
2.0,7049
2.0,7050
2.0,7051
2.0,7052
21.0,7053
21.0,7054
21.0,7055
21.0,7056
69.0,7057
69.0,7058
12.0,7059
12.0,7060
185.0,7061
185.0,7062
19.0,7063
19.0,7064
19.0,7065
19.0,7066
19.0,7067
61.0,7068
45.0,7069
45.0,7070
45.0,7071
45.0,7072
45.0,7073
45.0,7074
45.0,7075
58.0,7076
58.0,7077
2.0,7078
2.0,7079
2.0,7080
2.0,7081
2.0,7082
45.0,7084
185.0,7086
185.0,7087
18.0,7088
18.0,7089
5.0,7090
5.0,7091
2.0,7092
2.0,7093
2.0,7094
2.0,7095
422.0,7096
422.0,7097
4.0,7098
4.0,7099
101.0,7100
18.0,7101
