author,community
0,0
1,0
2,0
3,1
4,1
5,2
6,2
7,18
8,18
9,18
10,18
11,18
12,18
13,4
14,4
15,5
16,5
17,5
20,5
21,5
22,5
23,5
24,5
25,5
26,6
27,6
28,7
29,0
30,8
31,8
32,0
33,0
34,0
35,0
36,0
37,0
38,0
41,9
42,18
43,10
44,11
45,10
46,11
47,10
48,24
49,24
50,24
51,7
52,7
53,7
54,13
55,13
56,14
57,15
39,6
58,24
60,16
61,16
62,16
63,16
64,16
65,16
66,16
67,17
59,17
68,17
69,18
70,19
71,18
72,5
73,11
74,6
75,11
76,6
77,20
78,20
79,20
80,20
81,20
82,18
83,18
84,18
85,18
86,18
87,11
88,0
89,19
90,19
91,19
92,19
93,19
94,19
95,19
96,19
97,2
98,2
99,21
101,17
102,11
103,1
104,1
105,0
106,2
107,5
108,5
109,2
110,2
111,2
112,18
113,22
115,24
116,5
117,5
118,0
119,0
120,0
121,10
122,10
123,10
124,10
125,10
126,10
127,23
128,23
129,7
130,7
131,24
132,24
133,18
134,18
135,18
136,18
138,23
139,11
140,11
141,11
142,25
143,25
144,25
145,25
146,25
147,25
148,25
149,25
150,26
151,26
152,27
153,27
154,27
155,0
156,18
157,18
158,14
159,14
160,5
161,5
162,0
163,0
164,0
165,0
167,17
168,17
169,28
170,28
171,1
172,1
173,1
174,1
175,0
176,0
177,0
178,6
179,25
180,24
181,25
182,5
183,5
184,5
185,5
186,5
187,5
188,23
189,23
190,23
191,5
192,5
193,29
194,29
195,22
196,22
197,22
198,22
199,22
200,22
201,22
202,22
204,30
205,30
206,31
207,31
208,31
203,1
209,0
210,0
211,11
212,11
213,11
214,32
215,32
216,32
217,5
218,81
219,81
220,81
221,31
222,5
223,5
224,5
225,5
226,34
227,34
228,34
229,34
230,14
231,0
232,0
233,0
234,18
235,18
236,2
237,2
238,2
239,2
240,2
242,24
243,24
244,24
245,18
246,18
247,18
248,35
249,35
250,35
251,35
252,0
253,0
254,17
255,36
256,36
257,25
258,25
259,2
260,2
261,18
262,18
263,14
264,25
265,25
266,25
267,25
268,25
269,63
270,63
271,14
272,14
274,17
275,38
276,38
277,17
278,38
279,17
280,38
281,39
282,39
283,40
284,40
285,40
286,2
287,2
288,2
289,2
290,2
291,21
292,41
293,41
294,41
295,11
296,1
297,1
298,21
299,21
300,21
301,21
302,42
303,42
304,42
305,63
306,63
307,10
308,10
309,5
310,5
311,5
312,17
313,17
314,7
315,7
316,7
317,19
318,19
319,14
320,14
321,14
322,14
323,14
324,63
325,11
326,25
327,63
328,24
329,24
330,24
331,24
332,7
333,7
334,7
335,7
336,14
337,14
338,14
339,14
340,14
341,14
342,14
343,43
344,43
345,43
346,43
348,34
349,5
350,2
351,4
352,4
353,4
354,4
355,44
356,44
357,22
358,15
359,15
360,15
361,15
362,35
363,35
364,34
365,18
366,18
367,2
368,2
369,2
370,11
371,11
372,11
373,5
374,5
375,5
376,5
377,18
378,18
379,18
380,18
381,18
382,18
383,18
384,19
385,19
386,19
387,35
388,35
389,11
390,11
391,11
392,46
393,46
394,25
395,25
396,25
397,25
398,25
399,25
400,15
401,63
403,18
404,18
405,31
406,31
407,31
408,4
409,0
410,18
411,18
412,35
413,35
414,35
415,35
416,35
417,2
418,18
419,18
420,22
421,22
422,22
423,22
424,22
425,47
426,47
427,47
428,47
429,0
430,0
431,0
432,0
433,0
434,0
435,23
137,23
436,48
437,48
438,48
439,42
440,42
441,38
442,14
443,17
444,24
445,24
446,49
447,49
448,49
449,49
450,2
451,2
452,2
453,63
454,63
455,63
456,63
457,6
458,6
459,6
460,22
461,22
462,23
463,5
464,5
465,20
466,20
467,20
468,39
469,39
470,39
471,39
472,7
473,7
474,0
475,0
476,0
477,50
478,50
479,50
481,40
482,40
483,40
484,40
485,40
486,19
487,19
488,14
489,17
490,2
491,2
492,19
493,19
494,19
495,19
496,41
497,41
498,41
499,10
500,10
501,10
502,25
503,25
504,25
505,5
506,4
507,51
508,51
509,15
510,15
511,15
512,5
513,5
514,5
515,5
516,19
517,19
518,19
519,19
520,19
521,34
522,42
523,52
524,52
525,52
526,42
527,42
528,7
529,14
530,14
531,14
532,14
533,14
534,14
535,14
536,23
537,9
538,9
539,9
540,9
541,53
542,53
402,53
543,39
544,54
545,54
546,54
547,5
548,5
549,13
550,55
551,55
552,55
553,5
554,5
555,5
556,5
557,23
558,35
559,18
560,18
561,24
562,24
563,24
564,56
565,56
566,56
567,34
568,0
569,14
570,14
571,14
572,25
573,25
574,5
575,34
576,34
577,57
578,57
579,81
580,18
581,23
582,23
583,20
584,20
585,20
586,20
587,20
588,63
589,7
590,10
591,10
592,10
593,51
594,51
595,5
596,50
597,23
598,5
599,5
600,5
601,5
602,5
603,11
604,11
605,11
606,11
607,63
608,15
609,15
610,18
611,18
612,18
613,18
614,18
615,18
616,18
617,18
618,18
619,17
620,17
621,17
622,17
623,14
624,14
625,14
626,14
627,14
628,11
629,7
630,5
631,5
632,5
633,14
634,19
635,21
636,21
637,14
638,14
639,14
640,59
641,59
642,59
643,14
644,14
645,14
647,14
648,14
649,60
650,60
651,60
652,25
653,7
654,25
655,42
656,25
657,25
658,61
659,61
660,61
661,61
662,62
663,62
664,24
665,24
666,24
667,18
668,25
669,25
670,2
671,2
672,63
673,63
674,14
675,40
676,64
677,64
678,64
679,14
680,14
681,14
682,14
683,65
684,65
685,65
686,65
687,11
688,17
689,17
690,17
691,17
692,15
693,2
694,2
695,2
696,34
697,34
698,11
699,11
700,0
701,17
702,5
703,5
704,24
705,24
706,24
707,24
708,24
709,24
710,63
711,63
712,63
713,42
714,7
715,34
716,5
717,5
718,5
719,63
720,63
721,10
722,10
723,10
724,10
725,10
726,10
727,10
728,14
729,7
730,42
731,18
732,19
733,19
734,11
735,11
736,19
737,19
738,0
739,0
740,38
741,38
742,38
743,38
744,38
745,18
746,18
747,18
748,66
749,66
750,66
751,66
752,20
753,20
754,20
755,20
756,10
757,39
758,39
759,34
760,23
100,23
761,18
762,4
763,2
764,2
765,2
766,14
767,18
768,18
769,18
770,18
771,5
772,5
773,5
774,5
775,5
776,38
777,38
778,38
779,20
780,20
781,20
782,20
783,20
784,11
785,60
786,67
787,67
788,20
789,20
790,20
791,20
792,68
793,68
794,68
795,68
796,11
797,7
798,7
799,7
800,7
801,7
802,4
803,2
804,2
805,21
114,21
806,11
807,11
808,11
809,11
810,25
811,25
812,51
813,51
814,51
815,51
816,51
817,51
818,51
819,51
820,70
821,70
822,70
823,71
824,71
825,71
826,61
827,61
828,20
829,20
830,20
831,11
832,14
833,4
834,4
835,4
836,42
838,15
839,0
840,25
841,25
842,25
843,5
844,5
845,40
846,63
847,63
848,63
849,19
850,19
851,17
852,17
854,14
855,14
856,14
857,14
858,72
859,72
860,72
861,39
862,39
863,73
864,73
865,73
866,63
867,39
868,74
869,74
870,74
871,54
872,54
873,7
874,75
875,75
876,75
877,23
878,14
879,14
880,18
881,18
882,19
883,18
884,19
885,48
886,48
887,11
888,5
889,5
890,21
891,21
892,21
893,21
894,20
895,20
896,14
897,7
898,17
899,17
900,17
901,17
902,17
903,17
904,17
905,75
906,75
907,75
908,75
909,21
910,76
911,76
912,14
913,14
914,81
916,9
917,25
918,25
919,25
920,7
921,7
922,7
923,1
924,4
925,4
926,0
927,5
928,5
929,14
930,14
931,5
932,5
933,5
936,42
937,42
938,14
939,14
940,14
941,14
942,14
943,19
944,19
945,19
946,19
947,19
948,10
949,10
950,10
951,63
953,75
954,76
955,15
956,15
957,15
958,15
959,15
960,11
961,10
962,77
963,77
964,77
965,77
966,24
967,24
968,24
969,24
970,5
971,78
972,78
973,78
974,78
975,23
976,14
977,14
978,14
979,11
980,11
981,5
982,22
983,35
984,35
985,74
986,42
987,11
988,11
989,11
990,79
991,79
992,35
993,34
994,80
995,80
996,80
997,80
998,80
999,61
1001,14
1002,63
1003,0
1004,7
1005,25
1006,25
1007,21
1008,21
1009,17
1010,25
1011,17
1012,20
1013,63
1014,44
1015,44
1016,44
1017,44
1018,44
1019,44
1020,18
1021,81
1022,44
1023,44
1024,44
1025,54
1026,18
1027,63
1028,18
1029,63
1030,63
1031,63
1032,63
1033,63
1034,63
1035,35
1036,2
1037,2
1038,2
1039,23
1040,23
1041,82
1042,82
1043,82
1044,11
1045,11
1046,11
1047,11
1048,24
1049,24
1050,24
1051,14
1052,14
1053,14
1054,14
1055,83
1056,83
1057,83
1058,83
1059,6
1060,6
1061,6
1062,39
1063,39
1064,63
1065,63
1066,14
1067,63
1068,5
1069,5
1070,5
1071,5
1073,14
1074,14
1075,14
1076,0
1077,0
1078,0
1079,0
1080,0
1081,0
1082,0
1083,6
1084,6
1085,25
1086,25
1087,25
1088,25
1089,25
1090,34
1091,34
1092,34
1093,34
1094,34
1095,39
1096,39
1097,39
1098,6
1099,6
1100,18
1101,18
1102,18
1103,18
1104,39
1105,14
1106,14
1107,14
1108,11
1109,11
1110,5
1111,5
1112,5
1113,5
1114,50
1115,50
1116,21
1117,21
1118,21
1119,31
1120,31
1121,31
1122,13
1123,13
1124,13
1125,13
1126,5
1127,34
1128,34
1129,34
1130,18
1131,55
1132,55
1133,54
1134,54
1135,54
1136,39
1137,11
1138,15
1139,11
1140,25
1141,14
1142,25
1143,25
1144,14
1145,14
1146,14
1147,25
1148,25
1149,25
1150,25
1151,61
1152,39
1153,34
1154,84
1155,84
1156,42
1157,25
1158,25
1159,25
1160,25
1161,25
1163,5
1165,0
1166,15
1167,63
1168,2
1169,18
1170,85
1171,85
1172,85
1173,10
1174,10
1175,10
1176,86
1177,86
1178,87
1179,87
1180,87
1181,87
1182,87
1183,88
1184,88
1185,88
1186,89
1187,89
1188,89
837,89
1189,89
1190,17
1191,17
1192,17
1193,90
1194,90
1195,90
1196,42
1197,42
1198,42
1199,17
1200,17
1201,17
1202,17
1203,17
1204,34
1205,34
1206,34
1207,34
1208,34
1209,34
1210,24
1211,17
1212,63
1213,63
1214,63
1215,63
1216,63
1217,63
1218,7
1219,7
1220,7
1221,18
1222,91
1223,91
1224,91
1225,91
1226,24
1227,24
1228,24
1229,24
1230,92
1231,92
1232,17
1233,17
1234,39
1235,39
1236,0
1237,0
1238,0
1239,0
1240,93
1241,93
1242,94
1243,94
1244,18
1245,18
1246,4
1247,4
1248,19
1249,19
1250,19
1251,19
1252,10
1253,63
1254,34
1255,34
1256,25
1257,25
1258,25
1259,25
1260,25
1261,25
1262,25
1263,25
1264,0
1265,20
1266,10
1267,10
1268,15
1269,15
1270,15
1271,54
1272,95
1273,95
1274,95
1275,95
1276,95
1277,95
1278,95
1279,95
1280,22
1281,22
1282,22
1283,14
1285,47
1286,47
1287,47
1288,47
1289,38
1290,38
1291,5
1292,18
1293,18
1294,18
1295,18
1296,0
1297,0
1298,14
18,54
1299,54
1300,42
1301,42
1303,18
1304,2
1305,2
1306,2
1307,22
1308,96
1309,96
1310,96
1311,66
1312,66
1313,66
1314,66
1315,25
1316,25
1317,25
1318,97
1319,97
1321,42
1322,42
1323,42
1324,98
1325,98
1326,38
1327,63
1328,18
1329,18
1330,99
1331,99
1332,34
1333,39
1334,39
1335,11
1336,4
1337,4
1338,18
1339,100
1340,100
1341,100
1342,100
1343,11
1344,11
1345,6
1346,63
1347,63
1348,63
1349,63
1350,63
1351,63
1352,0
1353,7
1354,18
1355,18
1356,18
1357,18
1358,9
166,101
1359,101
1360,75
1361,75
1362,75
1363,75
1364,2
1365,7
1366,11
1367,11
1368,61
1369,61
1370,18
1371,18
1372,18
1373,102
1374,102
1375,5
1376,5
1377,18
1378,18
1379,18
1380,18
1381,4
1383,18
1384,18
1385,18
1386,11
1387,11
1388,25
1389,25
1390,25
1391,25
1392,25
1393,25
1394,25
1395,63
1396,63
1397,63
1398,63
1399,63
1400,63
1401,7
1402,7
1403,7
1404,7
1405,7
1406,42
1407,42
1408,42
1409,44
1410,44
1411,18
1412,6
1413,6
1414,6
1415,7
1416,7
1417,7
1418,7
1419,7
1420,14
1422,39
1423,39
1424,39
1425,20
1426,0
1427,103
1428,103
1429,25
1430,19
1431,19
1432,104
1433,104
1434,104
1435,105
1436,105
1437,105
1438,10
1439,54
1440,54
1441,106
1442,106
1443,106
1444,106
1445,106
1446,106
1447,106
1448,106
1449,106
1450,106
1451,106
1452,106
1453,106
1454,106
1455,6
1456,5
1457,5
1458,5
1459,5
1460,5
1461,5
1462,2
1463,41
1464,63
1465,63
1466,63
1467,15
1469,19
1470,19
1471,19
1472,19
1473,0
1474,0
1475,0
1476,97
1477,97
1478,97
1479,20
1480,17
1481,11
1482,11
1483,24
1484,24
1485,19
1486,5
1487,19
1488,19
1489,19
1490,19
1491,19
1492,19
1493,19
1494,19
1495,19
1496,18
1497,18
1498,42
1499,107
1500,107
1501,14
1502,14
1503,18
1504,18
1505,5
1506,5
1507,108
1508,108
1509,96
1510,109
1511,109
1512,109
1513,109
1514,109
1515,10
1516,15
1517,15
1518,15
1519,0
1520,0
1521,0
1522,18
1523,2
1524,2
1525,61
1526,61
1527,61
1528,18
1529,18
1530,18
1531,18
1532,18
1533,39
1534,39
1535,39
1536,39
1537,39
1538,54
1539,54
1540,7
1541,10
1542,10
1543,10
1544,5
1545,5
1546,5
1547,5
1548,5
1549,5
1550,5
1551,5
1552,4
1553,4
1554,61
1555,61
1556,63
1557,5
1558,5
1559,5
1560,5
1561,38
1562,0
1563,0
1564,5
1565,5
1566,5
1567,5
1568,0
1569,14
1570,14
1571,14
1572,110
1573,2
1574,110
1575,54
1576,111
1577,111
1578,51
1579,112
1580,112
1581,112
1582,39
1583,39
1584,38
1585,38
1586,6
1587,6
1588,113
1589,113
1590,18
1591,18
1592,18
1593,18
1594,24
1595,39
1596,20
1597,20
1598,11
1599,11
1600,11
1601,54
1602,54
1603,54
1604,54
1605,54
1606,54
1607,38
1608,18
1609,31
1610,114
1611,114
1612,114
1613,114
1614,101
1615,41
1616,73
1617,73
1618,25
1619,25
1620,25
1621,25
1622,25
1623,14
1624,14
1625,14
1626,38
1627,25
1628,5
1629,35
1630,35
1631,115
1632,115
1633,115
1634,115
1635,5
1636,5
1637,54
1638,54
1639,42
1640,63
1641,63
1642,63
1643,14
1644,20
1645,20
1646,20
1647,116
1648,116
1649,34
1650,34
1651,34
1652,34
1653,34
1654,17
1655,17
1656,17
1657,17
1658,6
1659,6
1660,6
1661,6
1662,6
1663,6
1664,6
1665,6
1666,14
1667,14
1668,14
1669,14
1670,93
1671,2
1672,93
1673,93
1674,34
1675,18
1676,117
1677,117
1678,117
1679,35
1680,35
1681,35
1682,35
1683,35
1684,118
1685,118
1686,118
1687,119
1688,119
1689,89
1690,20
1691,25
1692,38
1693,6
1694,11
1695,11
1696,14
1697,14
1699,120
1700,120
1701,120
1702,120
1703,41
1704,41
1705,41
1706,18
1707,5
1708,17
1709,17
1710,63
1711,63
1712,10
1713,39
1714,39
1715,11
1716,63
1717,63
1718,63
1719,14
1720,14
1721,121
1722,121
1723,5
1724,5
1725,5
1726,5
1727,5
1728,20
1729,20
1730,20
1731,20
1732,39
1733,39
1734,39
1735,39
1736,39
1737,63
1738,7
1739,5
1740,5
1741,5
1742,24
1743,24
1744,24
1745,11
1746,25
1747,25
1748,25
1749,25
1750,25
1751,25
1752,63
1753,63
1754,4
1755,31
1756,31
1757,31
1758,31
1759,31
1760,5
1761,5
1762,5
1763,5
1764,122
1765,122
1766,122
1767,11
1768,20
1769,20
1770,25
1771,25
1772,25
1773,25
1774,14
1775,14
1776,14
1777,14
1778,14
1780,5
1781,5
1302,5
1782,5
1783,35
1784,35
1785,2
1786,2
1787,24
1788,11
1789,11
1790,123
1791,123
1792,123
1793,123
1794,10
1795,10
1796,10
1797,10
1798,63
1799,63
1800,63
1801,63
1802,63
1803,34
1804,38
1805,7
1806,7
1807,7
1808,23
1809,2
1810,2
1811,18
1812,35
1813,35
1814,4
1815,4
1816,5
1817,5
1818,63
1819,11
1820,11
1821,11
1822,11
1823,11
1824,0
1825,111
1826,111
1827,9
1828,124
1829,124
1830,31
1831,31
1832,31
1833,18
1834,18
1835,18
1836,18
1837,18
1838,31
1839,20
1840,63
1841,63
1842,63
1843,11
1844,17
1845,17
1846,17
1847,18
1848,18
1849,18
1850,18
1851,18
1852,18
1853,18
1854,18
1855,18
1856,22
1857,23
1858,2
1859,50
1860,14
1861,17
1862,17
1863,17
1864,10
1865,10
1866,10
1867,63
1868,63
1869,63
1870,63
1871,63
1872,39
1873,39
1874,39
1875,11
1876,11
1877,14
1878,14
1879,14
1880,14
1881,15
1882,15
1884,125
1885,125
1886,93
1887,126
1888,126
1889,9
1890,10
1891,10
1892,127
1893,127
1894,25
1895,25
1896,25
1897,25
1898,25
1899,25
1900,25
1901,128
1902,128
1903,128
1904,128
1905,38
1906,14
1907,14
1908,14
1909,14
1910,14
1911,18
1912,18
1913,18
1914,23
1915,23
1916,23
1917,129
1918,129
1919,10
1920,10
1921,6
1922,6
1923,130
1924,130
1925,130
1926,130
1927,20
1928,20
1929,20
1930,10
1931,6
952,6
1932,6
1933,0
1934,14
1935,14
1936,14
1937,11
1938,11
1939,11
1940,11
1941,21
1942,131
1943,131
1944,131
1945,68
1946,68
1947,5
1948,5
1949,0
1950,0
1951,0
1952,0
1953,0
1954,0
1955,15
1956,15
1957,15
1958,11
1959,54
1960,39
1961,6
1962,6
1963,6
1964,6
1965,14
1966,5
1967,5
1968,5
1969,5
1970,5
1971,25
1972,14
1973,14
1974,14
1975,14
1976,14
1977,14
1978,24
1979,24
1320,24
1980,24
1981,18
1982,18
1983,18
1984,4
1985,4
1986,4
1987,4
1988,61
1989,61
1990,132
1991,132
1992,132
1993,14
1994,14
1995,6
1996,38
1997,38
1998,63
1999,63
2000,39
2001,39
2002,39
2003,39
2004,39
2005,39
2006,39
2007,34
2008,34
2009,6
2010,25
2011,25
2012,25
2013,25
1421,110
2014,110
2015,133
2016,133
2017,19
2018,19
2019,19
2020,134
2021,134
2022,134
2023,35
2024,135
2025,135
2026,40
2027,19
2028,19
2029,19
2030,54
2031,54
2033,63
2034,63
2035,63
2036,63
2037,84
2038,84
2039,11
2040,11
2041,14
2042,20
2043,20
2044,20
2045,14
2046,14
2047,14
2048,2
2049,2
2050,2
2051,2
2052,2
2053,22
2054,22
2055,136
2056,136
2057,5
2058,44
2059,35
2060,137
2061,137
2062,137
2063,137
2064,137
2065,5
2066,5
2067,5
2068,42
2069,42
2070,10
2071,10
2072,17
2073,17
2074,138
2075,138
2076,6
2077,6
2078,25
2079,25
2080,25
2081,25
2082,25
2083,25
2084,97
2085,97
2086,97
2087,10
2088,10
2089,6
2090,6
2091,23
2092,139
2093,139
2094,139
2095,139
2096,140
2097,140
2098,140
2099,140
2100,81
2101,81
2102,18
2103,18
2104,18
2105,4
2106,24
2107,141
2108,141
2109,141
2110,141
2111,63
2112,63
2113,63
2114,63
2115,63
2116,63
2117,63
2118,11
2119,11
2120,11
2121,11
2122,11
2123,39
2124,39
2125,39
2126,25
2127,25
2128,25
2129,25
2130,6
2131,9
2132,9
2133,71
2134,71
2135,71
2136,5
2137,2
2138,2
2139,22
2140,22
2141,142
2142,142
2143,63
2144,63
2145,25
2146,25
2147,39
2148,39
2149,39
2150,39
2151,42
2152,34
2153,25
2154,7
2155,7
2156,20
2157,18
2158,18
2159,22
2160,22
2161,22
2162,5
2163,5
2164,143
2165,143
2166,5
2167,144
2168,144
2169,1
2170,1
480,1
2171,1
2172,1
2173,1
1000,1
2174,1
2175,20
2176,20
2177,20
2178,6
2179,6
2180,6
2181,63
2182,63
2183,63
2184,145
2185,145
2186,15
2187,15
2188,15
2189,14
2190,14
2191,7
2192,146
2193,146
2194,61
2195,5
2196,5
2197,40
2198,40
2199,40
2200,2
2201,2
2202,2
2203,18
2204,0
2205,0
2206,0
2207,9
2208,9
2209,9
2210,9
2211,61
2212,61
2213,61
40,1
2214,24
2215,63
2216,63
2217,63
2218,15
2219,10
2220,10
2221,10
2222,10
2223,54
2224,54
2225,7
2226,7
2227,7
2228,7
2229,61
2230,4
2231,4
2232,147
2233,147
2234,147
2235,147
2236,147
2237,147
2238,25
2239,25
2240,148
2241,148
2242,148
2243,148
2244,148
2245,148
2246,10
2247,15
2248,15
2249,15
2250,15
2251,15
2252,149
2253,149
2254,149
2255,149
2256,149
2257,149
2258,11
2259,11
2260,11
2261,11
2262,11
2263,11
2264,7
2265,39
2266,39
2267,39
2268,39
2269,39
2271,18
2272,18
2273,18
2274,18
2275,18
2276,18
2277,61
2278,61
2279,61
2280,61
2281,39
2282,39
2283,39
2284,39
2285,39
2286,39
2287,39
2288,54
2289,54
2290,54
2291,7
2292,7
2293,6
2294,6
2295,34
2296,34
2297,34
2298,0
2299,17
2300,17
2301,17
2302,150
2303,150
2304,5
2305,5
2306,5
2307,151
2308,151
2309,97
2310,97
2311,97
2312,97
2313,63
2314,63
2315,63
2316,63
2317,63
2318,25
2319,11
2320,11
2321,63
2322,63
2323,63
2324,15
2325,15
2326,15
2327,25
2328,15
2329,15
2330,7
2331,7
2332,7
2333,7
2334,110
1698,110
2335,4
2336,4
2337,4
2338,20
2339,34
2340,7
2341,7
2342,7
2343,7
2344,63
2345,25
2346,25
2347,25
2348,25
2351,5
2352,5
2353,5
2354,5
2355,35
2356,19
2357,19
2358,19
2359,19
2360,19
2361,2
2362,22
2363,34
2364,72
2365,54
2366,54
2367,54
2368,127
2369,127
2370,20
2371,20
2372,63
2373,63
2374,63
2375,63
2376,63
2377,63
2378,15
2379,14
2380,14
2381,14
2382,20
2383,20
2384,20
2385,20
2386,20
2387,17
2388,14
2389,14
2390,152
2391,152
2392,18
2393,138
2394,138
2395,42
2396,20
2397,20
2398,20
2399,20
2400,10
2401,10
2402,10
2403,17
2404,17
2405,17
2406,20
2407,20
2408,20
2409,20
2411,34
2412,5
2413,5
2414,5
2415,5
2416,14
2417,14
2418,14
2419,14
2420,14
2421,17
2422,38
2423,38
2424,18
2425,18
2426,23
2427,5
2428,19
2429,5
2430,2
2431,1
2432,1
2433,1
2435,24
2436,24
2437,24
2438,24
2439,24
2440,24
2441,54
2442,54
2443,54
2444,54
2445,11
2446,39
2447,39
2448,7
2449,7
2450,7
2451,7
2452,14
2453,14
2454,14
2455,153
2456,153
2457,153
2458,153
2459,154
2460,154
2461,155
2462,155
2463,4
2464,21
2465,20
2466,20
2467,63
2468,63
2469,63
2470,20
2472,24
2473,24
2474,0
2475,7
2476,156
2477,156
2478,156
2479,156
2480,19
2481,19
2482,157
2483,157
2484,157
2485,157
2486,158
2487,158
2488,158
2489,22
2490,22
2491,159
2492,159
2493,50
2494,35
2495,160
2496,160
2497,17
2498,161
2499,161
2500,15
2501,39
2502,0
2503,15
2504,15
2505,63
2506,63
2507,63
2508,63
2509,17
2510,20
2511,20
2512,5
2513,5
2514,5
2515,14
2516,18
2517,18
2518,162
2519,162
2520,162
2521,162
2522,162
2523,162
2524,162
2525,41
2526,163
2527,163
2528,164
2529,164
2530,164
2531,164
2532,165
2533,165
2534,165
2535,10
2536,10
2537,10
2538,10
2539,11
2540,11
2541,11
2542,11
2543,11
2544,11
2545,11
2546,110
2547,110
2548,110
2549,110
2550,110
2551,166
2552,166
2553,166
2554,18
2555,18
2556,22
2557,22
2558,22
2559,22
2560,22
2561,22
2562,17
2563,17
2564,17
2565,17
2566,63
2567,10
2568,17
2569,17
2570,6
2571,63
2572,63
2573,15
2574,15
2575,15
2576,15
2577,15
2578,15
2579,15
2580,15
2581,15
2582,15
2583,15
2584,7
2585,7
2586,7
2587,14
2588,39
2589,11
2590,11
2591,42
2592,7
2593,7
2594,7
2595,14
2596,25
2597,25
2598,25
2599,25
2600,25
2601,5
2602,2
2603,35
2604,35
2605,35
2606,35
2607,35
2608,35
2609,35
2610,35
2611,34
2612,34
2613,11
2614,11
2615,14
2616,14
2617,14
2618,97
2619,54
2620,54
2621,54
2622,54
2623,54
2624,15
2625,25
2626,17
2627,14
2628,17
2629,5
2630,11
2631,11
2632,11
2633,15
2634,39
2635,39
2636,39
2637,39
2638,39
2639,7
2640,7
2641,7
2642,22
2643,22
2644,9
2645,9
2646,18
2647,18
2648,18
2649,63
2650,81
2651,81
2652,81
2653,81
2654,5
2655,63
2656,63
2657,63
2658,63
2659,63
2660,34
2661,34
2662,34
2663,63
2664,6
2665,6
2666,6
2667,39
2668,167
2669,167
2670,167
2671,167
2672,7
2673,7
2674,5
2675,97
2676,97
2677,38
2678,17
2679,17
2680,168
2681,168
2682,168
2683,136
2684,23
2685,23
2687,21
2688,21
2689,169
2690,169
2691,170
2692,170
2693,63
2694,63
2695,5
2696,5
2697,15
2698,39
2699,39
2700,10
2701,10
2702,10
2703,10
2704,10
2705,10
2706,10
2707,10
2708,42
2709,42
2710,42
2711,34
2712,63
2713,63
2714,63
2715,63
2716,14
2717,17
2718,5
2719,61
2720,5
2721,18
2722,18
2723,18
2724,18
2725,18
2726,18
2727,18
2728,2
2729,2
2730,171
2731,171
2732,171
2733,171
2734,172
2735,172
2736,63
2737,20
2738,20
2739,20
2740,63
2741,63
2742,63
2743,63
2744,39
2745,15
2746,11
2747,11
2748,20
2749,20
2750,20
2751,10
2752,10
2753,25
2754,25
2755,25
2756,14
2757,14
2758,14
2759,61
2760,5
2761,5
2762,5
2763,23
2764,23
2765,41
2766,41
2767,70
2768,70
2769,11
2770,11
2771,63
2772,63
2773,63
2774,7
2775,7
2776,7
2777,7
2778,6
2779,11
2780,6
2781,25
2782,25
2783,0
2784,0
2786,2
2787,19
2788,19
2789,19
2790,5
2791,5
2792,22
2793,22
2794,22
2795,22
2796,173
2797,173
2798,173
2799,174
2800,174
2801,42
2802,175
2803,175
2804,175
2805,7
2806,7
2807,7
2808,39
2809,39
2810,39
2811,39
2812,39
2813,39
2814,176
2815,176
2816,176
2817,176
2818,14
2819,17
2820,17
2821,17
2822,17
2823,17
2824,25
2825,25
2826,25
2827,25
2828,25
2829,25
2830,0
2831,17
2832,17
2833,17
2834,177
2835,177
2836,177
2837,177
2838,177
2839,17
2840,38
2841,38
2842,38
2843,38
2844,4
2845,5
2846,5
2847,178
2848,178
2849,178
2850,24
2851,22
2852,22
2853,54
2854,54
2855,54
2856,54
2857,20
2858,20
2859,179
2860,179
2861,179
2862,180
2863,180
2864,180
2865,180
2866,180
2867,6
2868,6
2869,25
2870,25
2871,25
2872,17
2873,17
2874,17
2875,15
2876,11
2877,11
2878,14
2879,181
2880,181
2881,21
2882,9
2883,23
2884,23
2885,23
2886,18
2887,18
2888,19
2889,19
2890,182
2891,182
2892,182
2893,182
2894,183
2895,183
2896,183
2897,184
2898,184
2899,184
2900,184
2901,38
2902,38
2903,38
2904,10
2905,10
2906,17
2907,10
2908,11
2909,11
2910,11
2911,25
2912,25
2914,5
2916,185
2917,185
2918,5
2919,5
2920,5
2921,18
2922,18
2923,2
2924,5
2925,18
2926,18
2927,18
2928,2
2929,63
2930,132
2931,132
2932,63
2933,10
2934,10
2935,10
2936,10
2937,10
2938,63
2939,63
2940,186
2941,186
2942,186
2943,186
2944,186
2945,186
2946,15
2947,15
2948,15
2949,15
2950,39
2951,39
2952,39
2953,39
2954,39
2955,39
2956,63
2957,63
2958,63
2959,63
2960,63
2961,63
2962,14
2963,20
2964,20
2965,20
2966,20
2967,20
2968,20
2969,20
2970,20
2971,187
2972,187
2973,5
2974,188
2975,188
2976,188
2978,189
2979,189
2980,189
2981,5
2982,21
2983,21
2984,21
2985,73
2986,73
2987,31
2988,190
2989,190
2990,180
2991,180
2992,180
2993,10
2994,10
2995,10
2996,10
2997,25
2998,25
2999,25
3000,25
3001,7
3002,2
3003,2
3004,2
3005,41
3006,41
3007,61
3008,0
3009,0
3010,21
3011,21
3012,66
3013,66
3014,24
3015,13
3016,39
3017,39
3018,39
3019,39
3020,191
3021,191
3022,191
3023,191
3024,5
3025,5
3026,0
3027,0
3028,63
3029,54
3030,54
3031,14
3032,15
3033,15
3034,15
3035,11
3036,17
3037,17
3038,17
3039,6
3040,192
3041,192
3042,61
3043,61
3044,61
3045,193
3046,193
3047,5
3048,5
3049,9
3050,9
3051,24
3052,24
3053,27
3054,54
3055,54
3056,14
3057,7
3058,7
3059,63
3060,63
3061,31
3062,35
3063,35
3064,5
3065,5
3066,5
3067,35
3068,35
3069,35
3070,35
3071,2
3072,5
3073,73
3074,194
3075,194
3076,194
3077,194
3078,194
3079,20
3080,20
3081,20
3082,42
3083,54
3084,54
3085,54
3086,54
3087,54
3088,11
3089,6
3090,25
3091,25
3092,6
3093,25
3094,25
3095,25
3096,15
3097,25
3098,25
3099,25
2471,15
3100,15
3101,19
3102,19
3103,19
3104,19
3105,19
3106,195
3107,195
3108,81
3109,42
3110,5
3111,5
3112,2
3113,2
3114,5
3115,9
3116,196
3117,196
3118,196
3119,5
3120,197
3121,197
3122,197
3123,197
3124,10
3125,14
3126,38
3127,38
3128,38
3129,20
3130,20
3131,20
3132,20
3133,25
3134,25
3135,25
3136,38
3137,25
3138,17
3139,14
3140,198
3141,198
3142,14
3143,14
3144,14
3145,14
3146,10
3147,2
3148,2
3149,2
3150,199
3151,199
3152,199
3153,65
3154,65
3155,65
3156,61
3157,200
3158,200
3159,200
3160,19
3161,19
3162,19
3163,19
3164,201
3165,201
3166,201
3167,18
3168,18
3169,18
3170,18
3171,18
3172,202
3173,202
3174,202
3175,202
3176,127
3177,127
3178,127
3179,127
3180,127
3181,7
3182,145
3183,145
3184,145
3185,145
3186,10
3187,10
3188,10
3189,11
3190,11
3191,54
3192,54
3193,22
3194,22
3195,22
3196,22
3197,34
3198,34
3199,5
3200,5
3201,18
3202,5
3203,18
3204,178
3205,178
3206,178
3207,67
3208,67
3209,67
3210,67
3211,203
3212,203
3213,203
3214,203
3215,203
3216,5
3217,204
3218,204
3220,63
3221,38
3222,38
3223,38
3224,38
3225,38
3226,38
3227,6
3228,6
3229,6
3230,15
3231,15
3232,180
3233,180
3234,180
3219,180
3235,180
3236,14
3237,14
3238,67
3239,205
3240,205
3241,206
3242,206
3243,206
3244,206
3245,2
3246,39
3247,39
3248,39
3249,38
3250,38
3251,38
3252,63
3253,34
3254,34
3255,34
3256,207
3257,207
3258,207
3259,38
3260,63
3261,63
3262,63
3263,25
3264,25
3265,25
3266,25
3267,25
3268,25
3269,17
3270,22
3271,22
3272,21
3274,14
3275,14
3276,5
3277,18
2977,18
3278,4
3279,180
3280,15
3281,81
3282,81
3283,81
3284,14
3285,22
3286,14
3287,14
3288,14
3289,14
3290,20
3291,7
3292,7
3293,7
3294,7
3295,7
3296,63
3297,42
3298,0
3299,7
3300,7
3301,7
3302,7
3303,7
3304,7
3305,25
3306,25
3307,25
3308,14
3309,25
3311,42
3312,25
3313,42
3314,14
3315,14
3316,208
3317,208
3318,208
3319,5
3320,209
3321,209
3322,209
3323,209
3324,209
3325,209
3326,210
3327,210
3328,61
3329,61
3330,61
3331,61
3332,61
3333,61
3334,61
3335,61
3336,61
3337,61
3338,61
3339,23
3341,2
3342,2
3343,5
3344,5
3345,5
3346,19
3347,19
3348,42
3349,4
3350,4
3351,4
3352,211
3353,211
3354,39
3355,39
3356,63
3357,63
3358,63
3359,63
3360,63
3361,63
3362,63
3363,54
3364,54
3365,54
3366,54
3367,54
3368,39
3369,39
3370,63
3371,63
3372,63
3373,97
3374,97
3375,10
3376,10
3377,10
3378,10
3379,0
3380,0
3381,0
3382,42
3383,20
3384,20
3385,20
3386,212
3387,212
3388,15
3389,39
3390,39
3391,63
3392,63
3393,11
3394,11
3395,14
3396,14
3397,63
3398,63
3399,63
3400,63
3401,63
3402,11
3403,11
3404,11
3405,17
3406,17
3407,17
3408,17
3409,17
3410,17
3411,17
3412,17
3413,17
3414,17
3415,17
3416,17
3417,213
3418,213
3419,213
3420,213
3421,213
3422,38
3423,38
3424,38
3425,214
3426,214
3427,61
3428,61
3429,61
3430,61
3431,5
3432,5
3433,215
3434,215
3435,215
3436,20
3437,216
3438,216
3439,216
3440,216
3441,216
3442,216
3443,216
3444,10
3445,20
3446,10
3447,10
3448,10
3449,10
3450,39
3451,63
3452,34
3453,34
3454,34
3455,39
3456,39
3457,38
3458,38
3459,38
3460,38
3461,38
3462,38
3463,38
3464,11
3465,11
3466,11
3467,11
3468,14
3469,14
3470,14
3471,24
3472,24
3473,24
3474,24
3475,14
3476,14
3477,110
3478,42
3480,9
3481,61
3482,61
3483,61
3484,5
3485,5
3486,5
3487,5
3488,41
3489,41
3490,41
3491,41
3492,23
3493,61
3494,5
3495,5
3496,5
3497,5
3498,5
3499,217
3500,217
3501,217
3502,217
3503,217
3504,217
3505,24
3506,24
3507,18
3508,63
3509,127
3510,127
3511,127
3512,127
3513,127
3514,39
3515,39
3516,22
3517,22
3518,10
3519,10
3520,10
3521,63
3522,39
3523,39
3524,39
3525,11
3526,14
3527,14
3528,63
3529,63
3530,63
3531,218
3532,218
3533,17
3534,25
3535,2
3536,42
3537,42
3538,22
3539,23
3540,219
3541,219
3542,219
3543,5
3544,5
3545,5
3546,19
853,2
3547,51
3548,220
3549,220
3550,220
3551,1
3552,1
3553,50
3554,50
3555,221
3556,221
3557,0
3558,39
3559,39
3560,39
3561,39
3562,39
3563,39
3564,34
3565,20
3566,20
3567,34
3568,34
3569,63
3570,63
3571,54
3572,54
3573,54
3574,54
3575,5
3576,5
3577,222
3578,222
3579,222
3580,222
3581,63
3582,130
3583,130
3584,63
3585,63
3586,15
3587,15
3588,38
3589,38
3590,38
3591,38
3592,38
3593,25
3594,25
3595,25
3596,25
3597,42
3598,42
3599,42
3600,42
3601,42
3602,17
3603,14
3604,7
3605,7
3606,7
3607,7
3608,20
3609,63
3610,63
3611,7
3612,7
3613,7
3614,62
3615,62
3616,77
3617,77
3618,77
3619,77
3620,73
3621,2
3622,2
3623,39
3624,39
3625,223
3626,223
3627,223
3628,223
3629,223
3630,39
3631,39
3632,39
3633,97
3634,97
3635,97
3636,224
3637,224
3638,63
3639,63
3640,63
3641,6
3642,6
3643,63
3644,14
3645,17
3646,14
3647,14
3648,0
3649,0
3650,14
3651,14
3652,7
3653,225
3654,225
3655,2
3656,18
3657,18
3658,226
3659,226
3660,226
3661,226
3662,226
3663,226
3664,226
3665,226
3666,226
3667,18
3668,18
3669,227
3670,227
3671,227
3672,53
3673,53
3674,53
3675,53
3676,53
3677,53
3678,1
3679,1
3680,24
3681,24
3682,24
3683,24
3684,228
3685,228
3686,228
3687,228
3688,228
3689,63
3690,0
3691,20
3692,20
3693,6
3694,11
3695,11
3696,34
3697,34
3698,34
3699,34
3700,34
3701,42
3702,20
3703,20
3704,54
3705,54
3706,0
3707,0
3708,81
3709,81
3710,81
3711,81
3712,25
3713,17
3714,17
3715,17
3716,17
3717,229
3718,229
3719,229
3720,229
3721,229
3722,229
3723,2
3724,230
3725,230
3726,230
3727,5
3728,5
3729,5
3730,5
3731,5
3733,23
3734,18
3735,35
3736,35
3737,35
3738,35
3739,178
3740,178
3741,2
3742,2
3743,2
3744,110
3745,110
3746,81
3747,81
3748,5
3749,5
3750,5
3751,231
3752,231
3753,31
3754,31
3755,31
3756,24
3757,24
3758,24
3759,24
3760,14
3761,180
3762,39
3763,39
3764,20
3765,20
3766,20
3767,20
3768,20
3769,20
3770,20
3771,5
3772,5
3773,34
3774,34
3775,34
3776,34
3777,34
3778,34
3779,7
3780,15
3781,42
3782,42
3783,25
3784,146
3785,232
3786,232
3787,61
3788,61
3789,233
3790,233
3791,5
3792,5
3793,18
3794,18
3795,18
3796,9
3797,113
3798,73
3799,22
3800,2
3801,2
3802,24
3803,24
3804,24
3805,234
3806,234
3807,234
3808,6
3809,97
3810,14
3811,11
3812,11
3813,11
3814,11
3815,11
3816,54
3817,54
3818,54
3819,54
3820,235
3821,235
3822,235
3823,25
3824,25
3825,25
3826,25
3827,25
3828,25
3829,10
3830,10
3831,10
3832,10
3833,10
3834,10
3835,10
3836,10
3837,15
3838,63
3839,63
3840,63
3841,63
3842,63
3843,63
3844,38
3845,38
3846,25
3847,11
3848,17
3849,17
3850,17
3851,17
3852,236
3853,236
3854,236
3855,236
3856,236
3857,236
3858,14
3859,14
3860,201
3861,201
3862,237
3863,237
3864,93
3865,93
3866,4
3867,4
3868,19
3869,19
3870,5
3871,5
3872,18
3873,18
3874,18
3875,238
3876,238
3877,11
3878,54
3879,11
3880,11
3881,11
3882,11
3883,63
3884,63
3885,63
3886,63
3887,34
3888,34
3889,11
3890,11
3891,42
3892,17
3893,17
3894,17
3895,17
3896,239
3897,239
3898,239
3899,239
3900,239
3901,7
3902,7
3903,7
3904,0
3905,0
3906,0
3907,0
3908,240
3909,240
3910,240
3911,240
3912,240
3913,5
3915,75
3916,241
3917,241
3918,241
3919,1
3920,1
3921,2
3923,23
3924,51
3925,51
3926,51
3927,51
3928,21
3929,21
3930,202
3931,242
3932,242
3933,242
3934,242
3935,39
3936,39
3937,39
3938,39
3939,6
3940,7
3941,7
3942,7
3943,11
3944,11
3945,11
3946,243
3947,243
3948,243
3949,11
3950,11
3951,11
3952,15
3953,15
3954,15
3955,34
3956,63
3957,15
3958,239
3959,239
3960,239
3961,38
3962,38
3963,38
3964,38
3965,38
3966,20
3967,20
3968,20
3969,20
3970,20
3971,51
3972,51
3973,51
3974,81
3975,18
3976,18
241,244
3977,244
3979,245
3980,245
3981,5
3982,5
3983,24
3984,5
3985,5
3986,13
3987,21
3988,191
3989,191
3990,191
3991,246
3992,246
3993,246
3994,25
3995,0
3996,0
3997,20
3998,20
3999,20
4000,20
4001,39
4002,6
4003,6
4004,14
4005,6
4006,6
4007,63
4008,63
4009,10
4010,38
4011,38
4012,20
4013,20
4014,10
4015,10
4016,10
4017,25
4018,11
4019,11
4020,97
4021,247
4022,247
4023,247
4024,247
4025,247
4026,11
4027,11
4028,17
4029,17
4030,17
4032,54
4033,54
4034,22
4035,17
4036,248
4037,248
4038,248
4039,34
4040,25
4042,249
4043,249
4044,250
4045,250
4046,250
4047,18
4048,18
4049,5
4050,35
4051,35
4052,35
4053,35
4054,41
4055,41
4056,81
4057,81
4058,81
4059,81
4060,81
4061,251
4062,251
4063,251
4064,252
4065,252
4066,252
4067,20
4068,20
4069,20
4070,20
4071,20
4072,17
4073,17
4074,17
4075,17
4076,17
4077,253
4078,253
4079,253
4080,81
4081,63
4082,14
4083,39
4084,39
4085,39
4086,39
4087,63
4088,63
4089,63
4090,254
4091,254
4092,14
4093,14
4094,14
4095,11
4096,11
4097,17
4098,17
4099,17
4100,17
4101,11
4102,42
4103,19
4104,19
4105,245
4106,5
4107,5
4108,24
4109,40
4110,61
4111,61
4112,61
4113,61
4114,61
4115,18
4116,51
4117,51
4118,255
4119,255
4120,255
4121,51
4122,51
4123,256
4124,256
4125,18
4127,48
4128,20
4129,20
4130,63
4131,63
4132,14
4133,14
4134,14
4135,14
4136,10
4137,20
4138,20
4139,20
4140,20
4141,20
4142,17
4143,17
4144,17
4145,17
4146,17
4147,17
4148,17
4149,17
4150,25
4151,25
4152,25
4153,25
4154,25
4155,25
4156,25
4158,24
4159,24
4160,24
4161,24
4162,257
4163,257
4164,257
4165,257
4166,258
4167,258
4168,259
4169,259
4171,24
4172,42
4173,42
4174,101
4175,104
4176,19
4177,19
4178,19
4179,18
4180,18
4181,18
4182,18
4183,18
4184,1
4185,260
4186,260
4187,260
4188,11
4189,63
4190,63
4191,38
4192,38
4193,38
4194,38
4195,15
4196,15
4197,14
4198,84
4199,84
4200,84
4201,63
4202,63
4203,63
4204,63
4205,63
4206,63
4207,63
4208,17
4209,63
4210,63
4211,17
4212,17
4213,15
4214,14
4215,11
4216,42
4217,22
4218,261
4219,261
4220,261
4221,261
4222,261
4223,261
4224,262
4225,262
4226,262
4227,17
4228,38
4229,38
4230,38
3914,263
4231,263
4232,237
4233,264
4234,264
4235,264
4236,162
4237,162
4238,162
4239,2
4240,35
4241,5
4242,41
4245,265
4246,265
4247,97
4248,97
4249,97
4250,97
4251,54
4252,54
4253,54
4254,54
4255,266
4256,266
4257,63
4258,63
4259,42
4260,54
4261,20
4262,20
4263,20
4264,20
4265,11
4266,11
4267,11
4268,20
4269,20
4270,20
4271,20
4272,14
4273,14
4275,267
4276,267
4277,267
4278,267
4279,15
4280,15
4281,63
4282,25
4283,268
4284,268
4285,268
4286,268
4287,269
4288,269
4289,269
4290,20
4291,20
4292,20
4293,20
4294,63
4295,63
4296,63
4297,232
4298,270
4299,270
4300,2
4301,62
4302,62
4303,61
4304,61
4305,61
4306,271
4307,271
4308,271
4309,271
4310,272
4311,272
4312,18
4313,18
4314,18
4315,18
4316,18
4317,140
4318,140
4319,5
4320,4
4321,273
4322,273
4323,97
4324,54
4325,54
4326,63
4327,54
4328,54
4329,5
4330,5
4331,5
4332,274
4333,274
4334,274
4335,275
4336,275
4337,275
4338,275
4339,276
4340,276
4341,276
4342,63
4343,34
4344,11
4345,11
4346,63
4347,63
4348,63
4349,63
4350,11
2410,11
4351,25
4352,42
4353,42
4354,42
4355,42
4356,42
4357,14
4358,14
4359,25
4360,25
4361,25
4362,25
4363,25
4364,25
4365,25
4366,11
4367,25
4368,7
4369,7
4370,7
4371,5
4372,20
4373,20
4374,20
4375,20
4376,42
4377,42
4378,51
4379,277
4380,277
4381,277
4382,278
4383,278
4384,278
4385,278
4386,2
4387,245
4388,2
4389,2
4390,19
4391,18
4392,18
4393,18
4394,18
4395,18
4397,21
4398,21
4399,97
4400,42
4401,42
4402,42
4403,42
4404,54
4405,54
4406,42
4407,63
4408,63
4409,63
4410,63
4411,63
4412,63
4413,34
4414,34
4415,17
4416,17
4417,17
4418,20
4419,20
4420,63
4421,63
4422,25
4423,25
4424,7
4425,7
4426,7
4427,7
4428,15
4429,11
4430,11
4431,25
4432,25
4433,0
4434,34
4435,279
4436,279
4437,63
4438,63
4439,19
4440,280
4441,280
4442,101
4443,101
4444,101
4445,9
4446,9
4447,23
4448,23
4449,23
4450,281
4451,281
4452,19
4453,61
4454,61
4455,61
4456,61
4457,282
4458,282
4459,282
4460,283
4461,283
4462,284
4463,284
4464,284
4465,31
4466,285
4467,285
4468,285
4469,98
4470,98
4471,39
4472,39
4473,5
4474,34
4475,34
4476,34
4477,11
4478,5
4479,7
4480,20
4481,97
4482,97
4483,97
4484,39
4485,39
4486,17
4487,25
4488,25
4489,25
4490,7
4491,7
4492,7
4493,7
4495,286
4496,286
4497,24
4498,24
4499,24
4500,287
4501,287
4502,287
4503,14
4504,38
4505,288
4506,288
4507,288
4508,31
4509,289
4510,289
4511,18
4512,290
4513,290
4514,290
4515,290
4516,290
4517,290
4519,61
4520,61
4521,61
4522,61
4523,18
4524,25
4525,25
4526,25
4527,4
4528,4
4529,291
4530,291
4531,51
4532,51
4533,23
4534,292
4535,292
4536,292
4537,54
4538,127
4539,127
4540,22
4541,39
4542,39
4543,39
4544,39
4545,293
4546,293
4547,293
4548,293
4549,20
4550,20
4551,20
4552,130
4553,20
4554,20
4555,20
4556,20
4557,20
4558,63
4559,63
4560,63
4561,63
4562,294
4563,294
4564,294
4565,294
4566,294
4567,63
4568,63
4569,63
4570,63
4571,63
4572,15
4573,15
4574,7
4575,7
4576,25
4577,25
4578,25
4579,25
4580,34
4581,17
4582,63
4583,63
4584,17
4585,17
4586,17
4587,7
4588,7
4589,7
4591,295
4592,295
4593,296
4594,296
4595,296
4596,296
4597,296
4598,296
4599,297
4600,297
4601,297
4602,297
4603,297
4604,297
4605,297
4606,193
4607,4
4608,4
4609,5
4610,5
4611,5
4612,93
4613,93
4614,93
4615,42
4616,42
4617,42
4618,42
4619,4
4620,4
4621,4
4622,4
4623,4
4624,4
4625,4
4626,4
4627,4
4628,4
4629,4
4630,4
4631,4
4632,298
4633,298
4634,55
4635,20
4636,20
4637,20
4638,63
4639,63
4640,63
4641,63
4642,14
4643,14
4644,14
4645,14
4646,54
4647,14
4648,299
4649,299
4650,299
4651,299
4652,299
4653,299
4654,299
4274,299
4655,63
4656,63
4657,63
4658,39
4659,63
4660,63
4661,38
4662,38
4663,38
4664,38
4665,38
4666,18
4667,18
4668,18
4669,18
4670,18
4671,63
4672,63
4673,63
4674,63
4675,63
4676,10
4677,10
4678,38
4679,38
4680,38
4681,10
4682,10
4683,10
4684,34
4685,25
4686,25
4687,25
4688,25
4689,14
4690,14
4691,11
4692,38
4693,38
4694,38
4695,38
4696,14
4697,14
4698,14
4699,53
4700,53
4701,5
4702,5
4703,5
4705,5
4706,5
4707,113
4708,113
4709,113
4710,113
4711,113
4712,44
4713,44
4714,44
4715,61
4716,61
4717,61
4718,31
4719,300
4720,300
4721,300
4722,300
4723,300
4724,18
4725,19
4726,97
4727,97
4728,97
4729,97
4730,97
4731,97
4732,97
4733,97
4734,97
4735,10
4736,10
4737,38
4738,27
4739,27
4740,27
4741,63
4742,63
4743,25
4744,25
4745,25
4746,25
4747,301
4748,301
4749,301
4750,6
4751,6
4752,6
4753,0
4754,20
4755,20
4756,20
4757,20
4758,20
4759,20
4760,63
4761,63
4762,63
4763,63
4764,63
4765,63
4766,63
4767,10
4768,10
4769,10
4770,5
4771,14
4772,14
4773,25
4774,17
4775,38
4776,38
4777,38
4778,14
4779,63
4780,11
4781,11
4782,11
4783,25
4784,25
4785,24
4786,24
4788,302
4789,302
4790,302
4791,302
4792,303
4793,303
4794,303
4795,303
4796,304
4797,304
4798,304
4799,304
4800,304
4801,61
4802,61
4803,61
4804,61
4805,61
4806,61
4807,61
4808,61
4809,61
4810,305
4811,305
4812,44
4813,44
4814,5
4815,5
4817,4
4818,9
4819,9
4820,9
4821,35
4822,35
4823,35
4824,35
4825,5
4826,61
4827,18
4828,18
4829,18
4830,18
4831,18
4832,54
4833,306
4834,306
4835,20
4836,20
4837,20
4838,11
4839,11
4840,15
4841,15
4842,63
4843,63
4844,63
4845,63
4846,63
4847,63
4848,307
4849,307
4850,307
4851,20
4852,7
4853,7
4854,14
4855,34
4856,34
4857,34
4858,34
4859,25
4860,25
4861,308
4862,308
4863,309
4864,309
4865,309
4866,309
4867,309
4868,22
4869,34
4870,34
4871,310
4872,310
4873,310
4874,310
4875,310
4876,310
4877,310
4878,310
4879,310
4880,19
4881,311
4882,311
4883,311
4884,44
4885,44
4886,44
4887,44
4888,44
4889,44
4890,44
4891,44
4892,67
4894,9
4895,312
4896,312
4897,312
4898,2
4899,2
4900,2
4901,5
4902,61
4903,61
4904,313
4905,313
4906,313
4907,313
4908,5
4909,5
4910,5
4911,5
4912,5
4913,5
4914,5
4915,92
4916,67
4917,67
4918,67
4919,67
4920,22
4921,84
4922,25
4923,17
4924,17
4925,54
4926,54
4927,54
4928,17
4929,17
4930,17
4931,63
4932,63
4933,63
4934,63
4935,314
4936,314
4937,39
4938,39
4939,34
4940,34
4941,34
4942,34
4943,54
4944,11
4945,11
4946,11
4947,11
4948,63
4949,63
4950,39
4951,39
4952,39
4953,39
4954,39
4955,15
4956,15
4957,15
4958,20
4959,34
4960,7
4961,17
4962,15
4963,39
4964,25
4965,11
4966,11
4967,11
4968,25
4969,25
4970,25
4971,25
4972,25
4973,315
4974,315
4975,315
4976,315
4977,7
4978,14
4979,14
4980,14
4981,14
4982,14
4983,14
4984,14
4985,14
4986,34
4987,34
4988,25
4989,25
4990,316
4991,316
4992,316
4993,316
4994,67
4995,67
4996,317
4997,317
4998,61
4999,61
5000,21
5001,21
5002,21
5003,21
5004,21
5005,150
5006,5
5007,297
5010,20
5011,20
5012,20
5013,4
5014,140
5015,140
5016,140
5017,140
5018,23
5019,2
5020,2
5021,46
5022,46
5023,25
5024,25
5025,25
5026,25
5027,6
5028,318
5029,318
5030,318
5031,5
5032,5
5033,39
5034,39
5035,25
5036,25
5037,25
5038,25
5039,20
5040,20
5041,20
5042,63
5043,63
5044,63
5045,5
5046,5
5047,63
5048,63
5049,63
5050,38
5051,20
5052,20
5053,20
5054,25
5055,63
5056,39
5057,14
5058,14
5059,14
5060,14
5061,14
5062,14
5063,14
5064,25
5065,11
5066,319
5067,319
5068,319
5069,63
5070,63
5071,63
5072,11
5073,11
5074,11
5075,11
5076,320
5077,320
5078,320
5079,320
5080,320
5081,320
5082,320
5083,320
5084,320
5085,320
5086,42
5087,42
5088,42
5089,17
5090,17
5091,17
5092,17
5093,321
5094,321
5095,321
5096,322
5097,322
5098,2
5099,2
5100,323
5101,323
5102,323
5103,323
5104,19
5105,19
5106,19
5107,19
5108,19
5109,5
5110,5
5111,18
5112,18
5113,18
5114,18
5115,4
5116,324
5117,324
5118,5
5119,325
5120,325
5121,326
5122,326
5123,326
5124,293
5125,293
5126,293
5127,5
5128,327
5129,327
5130,328
5131,328
5132,328
5133,17
5134,180
5135,180
5136,180
5137,180
5138,180
5139,180
5140,180
5141,42
5142,42
5143,42
5144,42
5145,42
5146,42
5147,299
5148,299
5149,299
5150,299
5151,299
5152,299
5153,299
5154,63
5155,63
5156,20
5157,20
5158,39
5159,39
5160,54
5161,54
5162,14
5163,14
5164,34
5165,34
5166,25
5167,25
5168,25
5169,25
5170,7
5171,31
5172,31
5173,31
5174,31
5175,31
5176,34
5177,34
5178,34
5179,34
5180,34
5181,34
5182,34
5183,14
5184,14
5185,14
5186,14
5187,14
5188,14
5189,14
5190,329
5191,329
5192,329
5193,18
5194,18
5195,18
5196,18
5197,18
5198,18
5199,14
5200,14
5201,14
5202,14
5203,14
5205,330
5206,330
5208,331
5209,331
5210,332
5211,332
5212,332
5213,75
5214,75
5216,5
5217,5
5218,5
5219,19
5220,19
5221,19
5222,19
5223,333
5224,333
5225,334
5226,334
5227,2
5229,35
5230,20
5231,20
5232,14
5233,14
5234,335
5235,335
5236,335
5237,335
5238,54
5239,39
5240,39
5241,39
5242,39
5243,130
5244,54
5245,54
5246,54
5247,54
5248,54
5249,54
5250,63
5251,10
5252,63
5253,63
5254,14
5255,20
5256,20
5257,25
5258,25
5259,25
5260,25
5261,14
5262,14
5263,17
5264,17
5265,17
5266,17
5267,81
5268,81
5269,329
5270,329
5271,24
5272,24
5273,14
5274,14
5275,14
5276,336
5277,336
5278,337
5279,337
5280,52
5281,52
5282,52
5283,52
5284,278
5285,278
5286,278
5287,278
5288,67
5289,18
5291,219
5292,219
5293,219
5294,219
5295,219
5296,2
5297,338
5298,338
5299,338
5300,339
5301,339
5302,340
5303,340
5304,340
5306,341
5307,341
5308,54
5309,54
5310,342
5311,342
5312,343
5313,343
5314,344
5315,344
5316,6
5317,6
5318,5
5319,345
5320,345
5321,345
5322,345
5323,345
5324,34
5325,34
5326,34
5327,15
5328,15
5329,15
5330,63
5331,34
5332,34
5333,34
5334,34
5335,25
5336,25
5337,25
5338,25
5339,25
5340,25
5341,25
5342,14
5343,14
5344,14
5345,346
5346,346
5347,346
5348,346
5349,346
5350,17
5351,17
5352,17
5353,39
5354,39
5355,34
5356,10
5357,10
5358,10
5359,34
5360,34
5361,34
5362,34
5363,34
5364,42
5365,10
5366,10
5367,10
5368,10
5369,38
5370,38
5371,25
5372,25
5373,25
5374,25
5375,25
5376,25
5377,17
5378,25
5379,25
5380,81
5381,81
5382,81
5383,81
5384,81
5385,81
5386,81
5387,81
5388,42
5389,42
5390,42
5391,6
5392,347
5393,347
5394,14
5395,14
5396,54
5397,54
5398,15
5399,7
5400,15
5401,15
5402,15
5403,25
5404,18
5405,18
5406,18
5407,348
5408,348
5409,348
5410,348
5411,348
5412,237
5413,79
5414,349
5415,349
5416,146
5417,146
5418,350
5419,350
5420,350
5421,2
5422,2
5423,351
5424,351
5425,352
5426,352
5427,353
5428,353
5429,353
5430,353
5431,353
5432,22
5433,22
5434,354
5435,354
5436,354
5437,354
5438,135
5439,135
5440,44
5441,19
5442,19
5443,19
5444,19
5445,19
5446,18
5447,18
5448,18
5449,5
5450,5
5451,41
5452,41
5453,41
5454,355
5455,355
5457,356
5458,356
5459,356
5460,356
5461,357
5462,357
5463,357
5464,357
5465,51
5466,51
5467,358
5468,358
5469,358
5470,358
5471,358
5472,39
5473,39
5474,5
5475,38
5476,38
5477,38
5478,38
5479,38
5480,14
5481,11
5482,11
5483,11
5484,63
5485,10
5486,299
5487,299
5488,299
5489,25
5490,25
5491,25
5492,25
5493,25
5494,25
5495,11
5497,42
5498,42
5499,42
5500,42
5501,34
5502,34
5503,34
5504,34
5505,17
5506,359
5507,359
5508,360
5509,360
5510,360
5511,17
5512,35
5513,35
5514,361
5515,361
5516,2
5517,23
5518,178
5519,178
5520,19
5521,5
5522,5
5523,5
5524,19
5525,18
5526,18
5527,18
5528,135
5529,135
5531,61
5532,61
5533,19
5534,362
5535,362
5536,24
5537,24
5538,21
5539,41
5540,63
5541,63
5542,63
5543,260
5544,5
5545,5
5546,5
5547,363
5548,363
5549,363
5550,363
5551,363
5552,363
5553,25
5554,25
5555,110
5556,110
5557,110
5558,110
5559,110
5560,110
5561,110
5562,110
5563,110
5564,110
5565,110
5566,110
5567,110
5568,14
5569,14
5570,14
5571,11
5572,11
5573,11
5574,11
5575,364
5576,364
5577,364
5578,20
5579,14
5580,14
5581,14
5582,10
5583,10
5584,39
5585,39
5586,5
5587,5
5588,5
5589,5
5590,5
5591,63
5592,15
5593,15
5594,365
5595,365
5596,365
5597,365
5598,365
5599,365
5600,34
5601,34
5602,34
5603,34
5604,0
5605,20
5606,20
5607,20
5608,25
5609,38
5610,38
5611,38
5612,38
5613,38
5614,261
5615,261
5617,7
5618,7
5619,22
5620,22
5621,22
5622,22
5623,22
5624,17
5625,17
5626,17
5627,366
5628,366
5629,366
5630,367
5631,367
5632,367
5633,367
5634,31
5635,31
5636,31
5637,31
5638,31
5639,31
5640,15
5641,15
5642,15
5643,15
5644,15
5645,14
5646,14
5647,14
5649,368
5650,368
5651,81
5652,81
5653,81
5654,81
5655,81
5656,81
5657,369
5658,369
5659,369
5660,93
5661,21
5662,21
5663,18
5664,18
5665,18
5666,370
5667,370
5668,370
5669,61
5670,61
5671,61
5672,150
5673,150
5674,371
5675,371
5676,371
5677,371
5678,371
5679,372
5680,372
5681,372
5682,135
5683,18
5684,18
5685,18
5686,22
5687,233
5688,19
5689,24
5690,24
5691,61
5692,61
5693,61
5694,61
5695,61
5696,61
5697,53
5698,53
5699,53
5700,53
5701,53
5702,98
5703,98
5704,373
5705,373
5706,373
5707,373
5708,374
5709,374
5710,18
5711,18
5712,18
5713,375
5714,375
5715,375
5716,375
5717,375
5718,39
5719,39
5720,39
5721,376
5722,376
5723,376
5724,376
5725,25
5726,14
5727,5
5728,39
5729,39
5730,39
5731,39
5732,10
5733,10
5734,54
5735,54
5736,54
5737,54
5738,38
5739,38
5740,11
5741,11
5742,20
5743,20
5744,63
5745,11
5746,11
5747,11
5748,11
5749,63
5750,63
5751,63
5752,63
5753,10
5754,10
5755,10
5756,10
5757,10
5758,10
5759,10
5760,34
5761,34
5763,14
5764,14
5765,14
5766,25
5767,25
5768,5
5769,25
5770,25
5771,25
5772,25
5773,25
5774,25
5775,25
5776,25
5778,25
5779,377
5780,377
5781,377
5782,202
5783,202
5784,378
5785,378
5786,378
5787,38
5788,379
5789,379
5790,379
5791,379
5793,6
5794,6
5795,6
5796,63
5797,63
5798,63
5799,63
5800,63
5801,20
5802,20
5803,63
5804,7
5805,7
5807,380
5808,380
5809,381
5810,381
5811,381
5812,382
5813,382
5814,382
5815,382
5816,383
5817,383
5818,383
5819,383
5820,61
5821,23
5822,23
5823,140
5824,5
5825,5
5826,18
5827,18
5828,18
5829,18
5830,18
5831,18
5832,18
5833,18
5834,384
5835,384
5836,5
5837,385
5838,385
5839,385
5840,51
5842,20
5843,20
5844,10
5845,20
5846,20
5847,20
5848,20
5849,20
5850,39
5851,39
5852,39
5853,39
5854,39
5855,54
5856,386
5857,386
5858,5
5859,5
5860,5
5861,63
5862,5
5863,5
5864,63
5865,10
5866,10
5867,387
5868,387
5869,39
5870,54
5871,54
5872,54
5873,42
5874,42
5875,54
5876,54
5877,54
5878,54
5879,54
5880,54
5881,0
5882,39
5883,39
5884,39
5885,39
5886,180
5887,180
5888,180
5889,180
5890,180
5891,180
5892,180
5893,39
5894,39
5895,39
5896,39
5897,39
5898,14
5899,14
5900,14
5901,34
5902,34
5903,34
5904,0
5905,0
5906,0
5907,14
5908,14
5909,14
5910,7
5911,25
5912,25
5913,25
5914,15
5915,15
5916,15
5917,15
5918,25
5919,388
5920,388
5921,388
5922,388
5923,22
5924,15
5925,15
5926,15
5927,15
5928,389
5929,389
5930,389
5931,390
5932,390
5933,34
5934,34
5935,315
5936,315
5937,315
5938,329
5939,391
5940,391
5941,391
5942,392
5943,392
5944,392
5945,392
5946,393
5947,393
5948,393
5949,17
5950,17
5951,17
5952,346
5953,346
5954,346
5955,346
5956,7
5957,7
5958,25
5959,25
5960,25
5961,25
5962,394
5963,394
5964,394
5965,394
5966,394
5967,394
5968,14
5969,14
5970,25
5971,25
5972,25
5974,395
5975,395
5976,396
5977,396
5978,396
5979,396
5980,396
5981,5
5982,21
5983,22
5984,22
5985,61
5986,61
2350,53
5987,53
5988,53
5989,53
5990,53
5991,53
5992,18
5993,18
5994,5
5995,5
5996,233
5997,397
5998,397
5999,398
6000,398
6001,18
6002,18
6003,18
6004,18
6005,18
6006,18
6007,285
6008,399
6009,399
6010,399
6011,399
6012,20
6014,97
6015,97
6016,15
6017,15
6018,20
6019,17
6020,63
6021,63
6022,20
6023,20
6024,20
6025,20
6026,20
6027,15
6028,15
6029,15
6030,15
6031,15
6032,38
6033,19
6034,19
6035,19
6036,19
6037,19
6038,19
6039,19
6040,19
6041,19
6042,17
6043,63
6044,63
6045,63
6046,20
6047,20
6048,11
6049,11
6050,11
6051,11
6052,0
6053,0
6054,0
6055,15
6056,15
6057,15
6058,15
6059,15
6060,15
6061,25
6062,25
6063,25
6064,25
6065,25
6066,6
6067,11
6068,11
6069,15
6070,400
6071,400
6072,400
6073,400
6074,6
6075,6
6076,6
6077,6
6078,6
6079,6
6080,11
6081,11
6082,401
6083,401
6084,401
6085,401
6086,17
6087,402
6088,402
6089,294
6090,294
6091,294
6092,403
6093,403
6094,403
6095,404
6096,404
6097,404
6098,404
6099,10
6100,10
6101,10
6102,7
6103,31
6104,31
6105,31
6106,31
6107,31
6108,31
6109,97
6110,405
6111,405
6112,405
6113,5
6114,5
6115,54
6116,138
6117,138
6118,406
6119,406
6120,5
6121,5
6122,5
6123,5
6124,25
6131,407
6132,407
6134,2
6135,22
6136,22
6137,22
6138,4
6139,19
6140,19
6141,193
6142,193
6143,41
6144,41
6145,41
6146,41
6149,51
6150,51
6151,408
6152,408
6153,20
6154,20
6155,20
6156,38
6157,38
6158,38
6159,63
6160,54
6161,63
6162,14
6163,14
6164,17
6165,11
6166,11
6167,11
6168,14
6169,14
6170,14
6171,14
6172,14
6173,20
6174,20
6175,20
6176,20
6177,17
6178,17
6179,17
6180,17
6181,39
6182,39
6183,39
6184,39
6185,39
6186,39
6187,39
6188,39
6189,39
6190,39
6191,39
6192,25
6193,25
6194,25
6195,25
6196,25
6197,14
6198,14
6199,14
6200,42
6201,42
6202,42
6203,42
6204,38
6205,20
6206,20
6207,17
6208,17
6209,17
6210,17
6211,63
6212,25
6213,25
6214,42
6215,14
6216,14
6217,14
6218,25
6219,25
6220,25
6221,11
6222,11
6223,11
6224,11
6225,11
6226,25
6227,25
6228,25
6229,25
6230,25
6231,25
6232,25
6233,25
6234,6
6235,6
6236,39
6237,39
6238,39
6239,18
6240,18
6241,18
6242,18
6243,409
6244,409
6245,5
6246,5
6247,5
6248,5
6249,5
6250,15
6251,15
6252,410
6253,410
6254,410
6255,6
6256,6
6257,6
6258,6
6259,6
6260,6
6261,6
6262,6
6263,6
6264,6
6265,6
6267,22
6268,17
6269,6
6270,6
6271,299
6272,299
6273,411
6274,411
6275,411
6276,411
6277,411
6278,411
6279,411
6280,411
6281,411
6282,7
6283,7
6284,412
6285,412
6286,5
6287,14
6288,413
6289,413
6290,413
6291,413
6292,17
6293,414
6294,414
6295,414
6296,414
6297,414
6298,319
6299,25
6300,5
6301,5
6302,63
6303,63
6304,415
6305,415
6306,415
6307,415
6308,416
6309,416
6310,416
6311,417
6312,417
6313,42
6314,42
6315,42
6316,42
6317,25
6318,25
6319,25
6320,25
6321,418
6322,418
6323,418
6324,418
6328,22
6329,22
6330,22
6331,22
6332,22
6333,22
6334,419
6335,419
6336,420
6337,420
6338,421
6339,421
6340,421
6341,18
6342,18
6343,18
2270,18
6344,18
6345,53
6346,53
6347,53
6348,53
6349,53
6350,53
6351,53
6352,422
6353,422
6354,422
6355,422
6356,304
6357,304
6358,423
6359,423
6360,423
6361,35
6362,35
6363,24
6364,24
6365,424
6366,424
6367,424
6368,424
6369,424
6370,19
6371,19
6372,61
6373,61
6374,397
6375,397
6376,397
6377,19
6378,355
6379,355
6382,425
6383,425
6384,425
6385,426
6386,426
6387,42
6388,63
6389,63
6390,39
6391,39
6392,10
6393,10
6394,63
6395,17
6396,20
6397,20
6398,20
6399,63
6400,63
6401,63
6402,63
6403,63
6404,54
6405,54
6406,54
6407,63
6408,63
6409,63
6410,63
6411,63
6412,63
6413,54
6414,54
6415,54
6416,54
6417,54
6418,11
6419,11
6420,97
6421,97
6422,97
6423,15
6424,15
6425,15
6426,15
6427,427
6428,427
6429,427
6430,427
6431,427
6432,427
6433,427
6434,34
6435,34
6436,34
6437,25
6438,25
6439,25
6440,25
6441,428
6442,428
6443,428
6444,428
6445,428
6446,6
6448,24
6449,24
6450,17
6451,17
6452,110
6453,429
6454,429
6455,429
6457,430
6458,430
6459,17
6461,24
6462,24
6463,431
6464,431
6465,22
6466,22
6467,22
6468,17
6469,413
6470,432
6471,432
6472,432
6473,432
6474,432
6475,433
5496,433
6477,6
6478,6
6479,434
6480,434
6481,434
6482,434
6483,434
6484,413
6485,435
6486,435
6487,42
6488,436
6489,436
6490,63
6491,63
6492,63
6493,437
6494,437
6495,437
6496,437
6497,437
6498,437
6499,25
6500,25
6501,25
6502,438
6503,438
6504,67
6505,439
6506,439
6507,439
6508,439
6509,439
6510,440
6511,440
6512,440
6514,441
6515,441
6516,21
6517,21
3978,5
6519,5
6520,442
6521,442
6522,443
6523,443
6524,443
6525,443
6526,443
6527,443
6528,443
6529,443
6530,61
6531,61
6532,61
6533,340
6534,340
6535,340
6537,23
6538,23
6539,1
6540,38
6541,38
6542,38
6543,54
6544,25
6545,444
6546,444
6547,444
6548,444
6549,444
6550,63
6551,11
6552,54
6553,18
6554,18
6555,18
6556,445
6557,445
6558,445
6559,445
6560,445
6561,54
6562,207
6563,207
6564,17
6565,11
6566,63
6567,63
6568,63
6569,63
6570,63
6571,25
6572,25
6573,25
6574,25
6575,20
6576,11
6577,34
6578,34
6579,34
6580,34
6581,34
6582,14
6583,14
6584,14
6585,20
6586,63
6587,63
6588,63
6589,63
6590,39
6591,39
6592,39
6593,39
6594,39
6595,20
6596,10
6597,10
6598,10
6599,5
6600,25
6601,25
6602,25
6603,25
6604,17
6605,17
6606,17
6607,6
6608,6
6609,6
6610,5
6611,5
6612,5
6613,5
6614,5
6615,0
6616,63
6617,7
6618,7
6619,7
6620,7
6621,25
6622,25
6623,25
6624,25
6625,25
6626,14
6627,14
6628,14
6629,14
6630,63
6631,63
6632,63
6633,63
6634,446
6635,446
6636,446
6637,446
6638,446
6639,446
6640,39
6641,145
6642,145
6643,145
6644,14
6645,14
6646,14
6647,14
6648,14
6649,54
6650,54
6651,15
6652,15
6653,15
6654,299
6655,299
6656,299
6657,14
6658,14
6659,63
6660,63
6661,42
6662,11
6663,11
6664,11
6665,11
6666,63
6667,63
6668,63
6669,63
6670,63
6671,11
6672,38
6673,11
6674,175
6675,175
6676,175
6677,175
6678,109
6679,109
6680,109
6681,109
6682,17
6683,17
6684,25
6685,63
6686,21
6687,21
6688,21
6689,21
6690,21
6691,21
6692,21
6693,21
6694,21
6695,21
6696,21
6697,21
6698,63
6699,63
6700,63
6701,63
6702,63
6703,63
6704,25
6705,25
6706,25
6707,25
6708,25
6709,39
6710,10
6711,10
6712,7
6713,7
6714,7
6715,6
6716,6
6717,25
6718,25
6719,25
6720,25
6721,25
6722,10
6723,63
6724,10
6725,15
6726,15
6727,15
6728,15
6729,63
6730,63
6731,34
6732,34
6733,34
6734,34
6735,11
6736,11
6737,11
6738,25
6739,20
6740,25
6741,25
6742,25
6743,447
6744,447
6745,447
6746,6
6747,6
6748,6
6749,0
6750,11
6751,11
6752,11
6753,11
6754,11
6755,11
6756,38
6757,38
6758,15
6759,25
6760,25
6761,10
6762,10
6763,10
6764,14
6765,14
6766,14
6767,428
6768,428
6769,428
6770,11
6771,11
6772,10
6773,10
6774,10
6775,10
6776,10
6777,0
6778,15
6779,25
6780,25
6781,25
6782,25
6783,25
6784,25
6785,34
6786,34
6787,34
6788,34
6789,34
6790,97
6791,97
6792,97
6793,0
6794,0
6795,0
6796,11
6797,11
6798,20
6799,20
6800,10
6801,10
6802,10
6803,10
6804,10
6805,10
6806,10
6807,10
6808,10
6809,10
6810,11
6811,5
6812,5
6813,5
6814,5
6815,5
6816,5
6817,5
6818,25
6819,25
6820,17
6821,34
6822,25
6823,25
6824,0
6825,14
6826,14
6827,14
6828,14
6829,15
6830,15
6831,7
6832,7
6833,14
6834,15
6835,25
6836,25
6837,11
6838,25
6839,42
6840,448
6841,448
6842,448
6843,448
6844,448
6845,448
6846,448
6847,448
6848,448
6849,0
6850,449
6851,449
6852,449
6853,449
6854,449
6855,449
6856,449
6857,17
6858,17
6859,17
6860,17
6861,63
6862,63
6863,15
6864,15
6865,15
6866,39
6867,39
6868,39
6869,39
6870,39
6871,11
6872,25
6873,25
6874,11
6875,25
6876,25
6877,7
6878,54
6879,54
6880,17
6881,17
6882,17
6883,11
6884,11
6885,11
6886,11
6887,25
6888,25
6889,20
6890,39
6891,39
6892,11
6893,11
6894,11
6895,0
6896,0
6897,11
6898,11
6899,10
6900,0
6901,0
6902,0
6903,0
6904,450
6905,450
6906,450
6907,450
6908,450
6909,450
6910,11
6911,11
6912,38
6913,5
6914,5
6915,25
6916,451
6917,451
6918,25
6919,25
6920,34
6921,7
6922,7
6923,63
6924,63
6925,25
6926,25
6927,25
6928,7
6929,25
6930,25
6931,14
6932,63
6933,63
6934,63
6935,63
6936,63
6937,63
6938,17
6939,17
6940,17
6941,17
6942,452
6943,452
6944,452
6945,452
6946,452
6947,452
6948,38
6949,38
6950,38
6951,38
6952,39
6953,39
6954,39
6955,34
6956,34
6957,34
6958,25
6959,25
6960,25
6961,25
6962,25
6963,25
6964,25
6966,10
6967,25
6968,25
6969,25
6970,25
6971,25
6972,17
6973,17
6974,17
6975,17
6976,17
6977,17
6978,34
6979,34
6980,34
6981,34
6982,25
6983,25
6984,25
6985,25
6986,25
6987,25
6988,21
6990,453
6991,453
6993,454
6994,454
2349,44
6995,44
6996,44
6997,44
6998,44
6999,53
7000,53
7001,455
7002,455
7003,455
7004,455
6130,455
7005,19
7006,19
7007,19
7008,19
7009,2
7010,456
7011,456
7012,456
7013,456
7014,456
7015,456
7016,457
7017,457
7018,457
7019,457
7020,457
7021,457
7022,458
7023,458
7024,44
7025,44
7026,44
7027,2
7028,2
7029,2
7030,459
7031,459
7032,459
7033,459
6148,53
7035,22
7036,22
7037,22
7038,33
7039,33
7040,33
7041,33
7042,33
7044,3
7045,3
7046,37
7047,37
7048,37
7049,2
7050,2
7051,2
7052,2
7053,21
7054,21
7055,21
7056,21
7057,69
7058,69
7059,12
7060,12
7061,185
7062,185
7063,19
7064,19
7065,19
4126,19
7066,19
7067,19
7068,61
7069,45
7070,45
7071,45
7072,45
7073,45
7074,45
7075,45
7076,58
7077,58
7078,2
7079,2
7080,2
7081,2
7082,2
7084,45
7086,185
7087,185
7088,18
7089,18
7090,5
7091,5
7092,2
7093,2
7094,2
7095,2
7096,422
7097,422
7098,4
7099,4
7100,101
7101,18
